date,cloud_cover,cloud_valid
1949-01-01,0.7291666666666666,24
1949-01-02,0.7604166666666666,24
1949-01-03,0.0,24
1949-01-04,0.0,24
1949-01-05,0.0,24
1949-01-06,0.0,24
1949-01-07,0.0,24
1949-01-08,0.0,24
1949-01-09,0.765625,24
1949-01-10,0.859375,24
1949-01-11,0.9583333333333334,24
1949-01-12,0.5833333333333334,24
1949-01-13,0.9635416666666666,24
1949-01-14,0.8541666666666666,24
1949-01-15,0.46875,24
1949-01-16,0.010416666666666666,24
1949-01-17,0.0,24
1949-01-18,0.4635416666666667,24
1949-01-19,0.8020833333333334,24
1949-01-20,1.0,24
1949-01-21,1.0,24
1949-01-22,0.984375,24
1949-01-23,0.625,24
1949-01-24,0.8333333333333334,24
1949-01-25,0.875,24
1949-01-26,0.2604166666666667,24
1949-01-27,0.6458333333333334,24
1949-01-28,0.0,24
1949-01-29,0.0,24
1949-01-30,0.0,24
1949-01-31,0.6354166666666666,24
1949-02-01,0.078125,24
1949-02-02,0.8020833333333334,24
1949-02-03,0.71875,24
1949-02-04,0.6666666666666666,24
1949-02-05,0.6770833333333334,24
1949-02-06,0.4583333333333333,24
1949-02-07,0.9427083333333334,24
1949-02-08,0.3802083333333333,24
1949-02-09,0.0,24
1949-02-10,0.0,24
1949-02-11,0.3385416666666667,24
1949-02-12,0.5208333333333334,24
1949-02-13,0.6354166666666666,24
1949-02-14,0.3125,24
1949-02-15,0.0,24
1949-02-16,0.0,24
1949-02-17,0.0,24
1949-02-18,0.041666666666666664,24
1949-02-19,0.8697916666666666,24
1949-02-20,0.8854166666666666,24
1949-02-21,0.4635416666666667,24
1949-02-22,0.07291666666666667,24
1949-02-23,0.19270833333333334,24
1949-02-24,0.9375,24
1949-02-25,0.6822916666666666,24
1949-02-26,0.9166666666666666,24
1949-02-27,0.90625,24
1949-02-28,0.9114583333333334,24
1949-03-01,0.19791666666666666,24
1949-03-02,0.7604166666666666,24
1949-03-03,0.46875,24
1949-03-04,0.7135416666666666,24
1949-03-05,0.640625,24
1949-03-06,0.5416666666666666,24
1949-03-07,0.640625,24
1949-03-08,0.328125,24
1949-03-09,0.18229166666666666,24
1949-03-10,0.28125,24
1949-03-11,0.5729166666666666,24
1949-03-12,0.2864583333333333,24
1949-03-13,0.421875,24
1949-03-14,0.4895833333333333,24
1949-03-15,0.875,24
1949-03-16,0.4895833333333333,24
1949-03-17,0.4895833333333333,24
1949-03-18,0.484375,24
1949-03-19,0.4322916666666667,24
1949-03-20,0.625,24
1949-03-21,0.0625,24
1949-03-22,0.4427083333333333,24
1949-03-23,0.6510416666666666,24
1949-03-24,0.7083333333333334,24
1949-03-25,0.2604166666666667,24
1949-03-26,0.515625,24
1949-03-27,0.052083333333333336,24
1949-03-28,0.7239583333333334,24
1949-03-29,0.4166666666666667,24
1949-03-30,0.16145833333333334,24
1949-03-31,0.7083333333333334,24
1949-04-01,0.5104166666666666,24
1949-04-02,0.84375,24
1949-04-03,0.23958333333333334,24
1949-04-04,0.08333333333333333,24
1949-04-05,0.4479166666666667,24
1949-04-06,0.9947916666666666,24
1949-04-07,0.53125,24
1949-04-08,0.5625,24
1949-04-09,0.23958333333333334,24
1949-04-10,0.0,24
1949-04-11,0.4427083333333333,24
1949-04-12,0.7239583333333334,24
1949-04-13,0.7135416666666666,24
1949-04-14,0.796875,24
1949-04-15,0.9010416666666666,24
1949-04-16,0.16666666666666666,24
1949-04-17,0.5104166666666666,24
1949-04-18,1.0,24
1949-04-19,0.9635416666666666,24
1949-04-20,0.4635416666666667,24
1949-04-21,0.22395833333333334,24
1949-04-22,0.3958333333333333,24
1949-04-23,0.90625,24
1949-04-24,1.0,24
1949-04-25,0.984375,24
1949-04-26,0.9947916666666666,24
1949-04-27,0.7552083333333334,24
1949-04-28,0.625,24
1949-04-29,0.8072916666666666,24
1949-04-30,0.640625,24
1949-05-01,0.3541666666666667,24
1949-05-02,0.6145833333333334,24
1949-05-03,0.9739583333333334,24
1949-05-04,0.2604166666666667,24
1949-05-05,0.015625,24
1949-05-06,0.005208333333333333,24
1949-05-07,0.390625,24
1949-05-08,0.2760416666666667,24
1949-05-09,0.5989583333333334,24
1949-05-10,0.6354166666666666,24
1949-05-11,0.7291666666666666,24
1949-05-12,0.8697916666666666,24
1949-05-13,1.0,24
1949-05-14,0.9739583333333334,24
1949-05-15,0.90625,24
1949-05-16,0.9895833333333334,24
1949-05-17,1.0,24
1949-05-18,0.9739583333333334,24
1949-05-19,0.8489583333333334,24
1949-05-20,0.171875,24
1949-05-21,0.11458333333333333,24
1949-05-22,0.0,24
1949-05-23,0.052083333333333336,24
1949-05-24,0.40625,24
1949-05-25,0.609375,24
1949-05-26,0.8697916666666666,24
1949-05-27,0.875,24
1949-05-28,0.9322916666666666,24
1949-05-29,0.6041666666666666,24
1949-05-30,0.53125,24
1949-05-31,0.4947916666666667,24
1949-06-01,0.19270833333333334,24
1949-06-02,0.22916666666666666,24
1949-06-03,0.4635416666666667,24
1949-06-04,0.06770833333333333,24
1949-06-05,0.046875,24
1949-06-06,0.15625,24
1949-06-07,0.46875,24
1949-06-08,0.6458333333333334,24
1949-06-09,0.5416666666666666,24
1949-06-10,0.5416666666666666,24
1949-06-11,0.890625,24
1949-06-12,0.8072916666666666,24
1949-06-13,0.9895833333333334,24
1949-06-14,0.828125,24
1949-06-15,0.8333333333333334,24
1949-06-16,0.734375,24
1949-06-17,0.7083333333333334,24
1949-06-18,0.7552083333333334,24
1949-06-19,0.08854166666666667,24
1949-06-20,0.0,24
1949-06-21,0.21354166666666666,24
1949-06-22,0.3072916666666667,24
1949-06-23,0.20833333333333334,24
1949-06-24,0.8854166666666666,24
1949-06-25,0.7239583333333334,24
1949-06-26,1.0,24
1949-06-27,0.8854166666666666,24
1949-06-28,0.796875,24
1949-06-29,0.5885416666666666,24
1949-06-30,0.6041666666666666,24
1949-07-01,0.578125,24
1949-07-02,0.7604166666666666,24
1949-07-03,0.4375,24
1949-07-04,0.6145833333333334,24
1949-07-05,0.625,24
1949-07-06,0.6145833333333334,24
1949-07-07,0.515625,24
1949-07-08,0.7447916666666666,24
1949-07-09,0.4010416666666667,24
1949-07-10,0.46875,24
1949-07-11,0.953125,24
1949-07-12,0.671875,24
1949-07-13,0.3385416666666667,24
1949-07-14,0.3697916666666667,24
1949-07-15,0.375,24
1949-07-16,0.20833333333333334,24
1949-07-17,0.4427083333333333,24
1949-07-18,0.78125,24
1949-07-19,0.6458333333333334,24
1949-07-20,0.6197916666666666,24
1949-07-21,0.11979166666666667,24
1949-07-22,0.5,24
1949-07-23,0.5416666666666666,24
1949-07-24,0.59375,24
1949-07-25,0.5052083333333334,24
1949-07-26,0.71875,24
1949-07-27,0.6979166666666666,24
1949-07-28,0.765625,24
1949-07-29,0.8489583333333334,24
1949-07-30,0.765625,24
1949-07-31,0.2552083333333333,24
1949-08-01,0.421875,24
1949-08-02,0.21354166666666666,24
1949-08-03,0.4010416666666667,24
1949-08-04,0.609375,24
1949-08-05,0.7239583333333334,24
1949-08-06,0.8229166666666666,24
1949-08-07,0.2916666666666667,24
1949-08-08,0.6979166666666666,24
1949-08-09,0.828125,24
1949-08-10,0.5885416666666666,24
1949-08-11,0.5364583333333334,24
1949-08-12,0.23958333333333334,24
1949-08-13,0.3854166666666667,24
1949-08-14,0.6510416666666666,24
1949-08-15,0.6458333333333334,24
1949-08-16,0.4270833333333333,24
1949-08-17,0.3020833333333333,24
1949-08-18,0.3854166666666667,24
1949-08-19,0.5364583333333334,24
1949-08-20,0.5729166666666666,24
1949-08-21,0.25,24
1949-08-22,0.6197916666666666,24
1949-08-23,0.5833333333333334,24
1949-08-24,0.24479166666666666,24
1949-08-25,0.0,24
1949-08-26,0.11979166666666667,24
1949-08-27,0.10416666666666667,24
1949-08-28,0.11458333333333333,24
1949-08-29,0.671875,24
1949-08-30,0.4270833333333333,24
1949-08-31,0.625,24
1949-09-01,0.5833333333333334,24
1949-09-02,0.8177083333333334,24
1949-09-03,0.5885416666666666,24
1949-09-04,0.53125,24
1949-09-05,0.4375,24
1949-09-06,0.0,24
1949-09-07,0.041666666666666664,24
1949-09-08,0.4583333333333333,24
1949-09-09,0.453125,24
1949-09-10,0.3020833333333333,24
1949-09-11,0.5052083333333334,24
1949-09-12,0.4270833333333333,24
1949-09-13,0.3020833333333333,24
1949-09-14,0.4375,24
1949-09-15,0.359375,24
1949-09-16,0.6927083333333334,24
1949-09-17,0.890625,24
1949-09-18,0.6354166666666666,24
1949-09-19,0.8072916666666666,24
1949-09-20,0.9739583333333334,24
1949-09-21,0.8072916666666666,24
1949-09-22,0.6510416666666666,24
1949-09-23,0.6979166666666666,24
1949-09-24,0.5520833333333334,24
1949-09-25,0.6145833333333334,24
1949-09-26,0.5208333333333334,24
1949-09-27,0.010869565217391304,23
1949-09-28,0.0,24
1949-09-29,0.0,24
1949-09-30,0.578125,24
1949-10-01,0.71875,24
1949-10-02,0.5677083333333334,24
1949-10-03,0.5729166666666666,24
1949-10-04,0.703125,24
1949-10-05,0.7916666666666666,24
1949-10-06,0.8697916666666666,24
1949-10-07,0.9114583333333334,24
1949-10-08,0.4479166666666667,24
1949-10-09,0.020833333333333332,24
1949-10-10,0.010416666666666666,24
1949-10-11,0.0,24
1949-10-12,0.06770833333333333,24
1949-10-13,0.5833333333333334,24
1949-10-14,0.7447916666666666,24
1949-10-15,0.4947916666666667,24
1949-10-16,1.0,24
1949-10-17,1.0,24
1949-10-18,0.921875,24
1949-10-19,0.59375,24
1949-10-20,0.14583333333333334,24
1949-10-21,0.0,24
1949-10-22,0.0,24
1949-10-23,0.0,24
1949-10-24,0.052083333333333336,24
1949-10-25,0.015625,24
1949-10-26,0.0,24
1949-10-27,0.015625,24
1949-10-28,0.34375,24
1949-10-29,0.0,24
1949-10-30,0.0,24
1949-10-31,0.0,24
1949-11-01,0.0,24
1949-11-02,0.052083333333333336,24
1949-11-03,0.19270833333333334,24
1949-11-04,0.0,24
1949-11-05,0.0,24
1949-11-06,0.3333333333333333,24
1949-11-07,0.22916666666666666,24
1949-11-08,0.65625,24
1949-11-09,0.8177083333333334,24
1949-11-10,1.0,24
1949-11-11,0.0625,24
1949-11-12,0.0,24
1949-11-13,0.010416666666666666,24
1949-11-14,0.020833333333333332,24
1949-11-15,0.2552083333333333,24
1949-11-16,0.0,24
1949-11-17,0.0,24
1949-11-18,0.0,24
1949-11-19,0.09895833333333333,24
1949-11-20,0.453125,24
1949-11-21,0.5885416666666666,24
1949-11-22,0.84375,24
1949-11-23,0.5520833333333334,24
1949-11-24,0.4375,24
1949-11-25,0.734375,24
1949-11-26,0.828125,24
1949-11-27,0.7447916666666666,24
1949-11-28,0.7916666666666666,24
1949-11-29,0.03125,24
1949-11-30,0.3072916666666667,24
1949-12-01,0.6793478260869565,23
1949-12-02,0.546875,24
1949-12-03,0.609375,24
1949-12-04,0.23958333333333334,24
1949-12-05,0.359375,24
1949-12-06,0.5729166666666666,24
1949-12-07,0.375,24
1949-12-08,0.8020833333333334,24
1949-12-09,0.6822916666666666,24
1949-12-10,0.546875,24
1949-12-11,0.3125,24
1949-12-12,0.0,24
1949-12-13,0.0,24
1949-12-14,0.0,24
1949-12-15,0.265625,24
1949-12-16,0.8072916666666666,24
1949-12-17,0.3645833333333333,24
1949-12-18,0.734375,24
1949-12-19,0.953125,24
1949-12-20,0.296875,24
1949-12-21,0.08854166666666667,24
1949-12-22,0.0,24
1949-12-23,0.052083333333333336,24
1949-12-24,0.2864583333333333,24
1949-12-25,0.07291666666666667,24
1949-12-26,0.0,24
1949-12-27,0.0,24
1949-12-28,0.16666666666666666,24
1949-12-29,0.40625,24
1949-12-30,0.4791666666666667,24
1949-12-31,0.22395833333333334,24
1950-01-01,0.9583333333333334,24
1950-01-02,0.9583333333333334,24
1950-01-03,0.5416666666666666,24
1950-01-04,0.19270833333333334,24
1950-01-05,0.11979166666666667,24
1950-01-06,0.0,24
1950-01-07,0.057291666666666664,24
1950-01-08,0.90625,24
1950-01-09,0.5260416666666666,24
1950-01-10,0.22916666666666666,24
1950-01-11,0.3385416666666667,24
1950-01-12,0.734375,24
1950-01-13,0.453125,24
1950-01-14,0.6458333333333334,24
1950-01-15,0.7135416666666666,24
1950-01-16,0.0,24
1950-01-17,0.026041666666666668,24
1950-01-18,0.890625,24
1950-01-19,0.8177083333333334,24
1950-01-20,0.6510416666666666,24
1950-01-21,0.671875,24
1950-01-22,0.46875,24
1950-01-23,0.125,24
1950-01-24,0.7717391304347826,23
1950-01-25,0.4322916666666667,24
1950-01-26,0.020833333333333332,24
1950-01-27,0.09895833333333333,24
1950-01-28,0.3802083333333333,24
1950-01-29,1.0,24
1950-01-30,0.6510416666666666,24
1950-01-31,0.21875,24
1950-02-01,0.19791666666666666,24
1950-02-02,0.75,24
1950-02-03,0.375,24
1950-02-04,0.671875,24
1950-02-05,0.6822916666666666,24
1950-02-06,0.828125,24
1950-02-07,0.8072916666666666,24
1950-02-08,0.28125,24
1950-02-09,0.6666666666666666,24
1950-02-10,1.0,24
1950-02-11,0.8854166666666666,24
1950-02-12,0.005208333333333333,24
1950-02-13,0.0,24
1950-02-14,0.0,24
1950-02-15,0.0625,24
1950-02-16,0.2708333333333333,24
1950-02-17,0.6770833333333334,24
1950-02-18,0.8854166666666666,24
1950-02-19,1.0,24
1950-02-20,0.9583333333333334,24
1950-02-21,0.78125,24
1950-02-22,0.4739583333333333,24
1950-02-23,0.8125,24
1950-02-24,0.7864583333333334,24
1950-02-25,0.5625,24
1950-02-26,0.9375,24
1950-02-27,0.7708333333333334,24
1950-02-28,0.10416666666666667,24
1950-03-01,0.9791666666666666,24
1950-03-02,0.8020833333333334,24
1950-03-03,0.796875,24
1950-03-04,0.6354166666666666,24
1950-03-05,0.9114583333333334,24
1950-03-06,0.6979166666666666,24
1950-03-07,0.21875,24
1950-03-08,0.7239583333333334,24
1950-03-09,0.5677083333333334,24
1950-03-10,0.65625,24
1950-03-11,0.5625,24
1950-03-12,0.2708333333333333,24
1950-03-13,0.4166666666666667,24
1950-03-14,0.4947916666666667,24
1950-03-15,0.65625,24
1950-03-16,0.265625,24
1950-03-17,0.6770833333333334,24
1950-03-18,0.671875,24
1950-03-19,0.46875,24
1950-03-20,0.828125,24
1950-03-21,0.375,24
1950-03-22,0.4791666666666667,24
1950-03-23,0.5416666666666666,24
1950-03-24,0.7291666666666666,24
1950-03-25,0.828125,24
1950-03-26,0.8229166666666666,24
1950-03-27,0.890625,24
1950-03-28,0.2760416666666667,24
1950-03-29,0.421875,24
1950-03-30,0.90625,24
1950-03-31,0.7395833333333334,24
1950-04-01,0.53125,24
1950-04-02,0.3697916666666667,24
1950-04-03,0.7864583333333334,24
1950-04-04,0.7552083333333334,24
1950-04-05,0.7916666666666666,24
1950-04-06,0.5208333333333334,24
1950-04-07,0.5625,24
1950-04-08,0.484375,24
1950-04-09,0.5833333333333334,24
1950-04-10,0.11458333333333333,24
1950-04-11,0.3072916666666667,24
1950-04-12,0.078125,24
1950-04-13,0.53125,24
1950-04-14,0.4270833333333333,24
1950-04-15,0.07291666666666667,24
1950-04-16,0.0,24
1950-04-17,0.015625,24
1950-04-18,0.609375,24
1950-04-19,0.65625,24
1950-04-20,1.0,24
1950-04-21,1.0,24
1950-04-22,1.0,24
1950-04-23,0.9583333333333334,24
1950-04-24,0.96875,24
1950-04-25,0.9791666666666666,24
1950-04-26,1.0,24
1950-04-27,1.0,24
1950-04-28,0.9947916666666666,24
1950-04-29,0.796875,24
1950-04-30,0.7604166666666666,24
1950-05-01,0.765625,24
1950-05-02,0.890625,24
1950-05-03,0.7604166666666666,24
1950-05-04,0.515625,24
1950-05-05,0.010416666666666666,24
1950-05-06,0.22395833333333334,24
1950-05-07,0.484375,24
1950-05-08,0.03125,24
1950-05-09,0.005208333333333333,24
1950-05-10,0.005208333333333333,24
1950-05-11,0.3645833333333333,24
1950-05-12,0.46875,24
1950-05-13,0.6197916666666666,24
1950-05-14,0.8958333333333334,24
1950-05-15,0.953125,24
1950-05-16,1.0,24
1950-05-17,0.9895833333333334,24
1950-05-18,0.8489583333333334,24
1950-05-19,0.71875,24
1950-05-20,0.5416666666666666,24
1950-05-21,1.0,24
1950-05-22,1.0,24
1950-05-23,0.9010416666666666,24
1950-05-24,0.796875,24
1950-05-25,0.020833333333333332,24
1950-05-26,0.7604166666666666,24
1950-05-27,0.9114583333333334,24
1950-05-28,1.0,24
1950-05-29,0.984375,24
1950-05-30,0.7239583333333334,24
1950-05-31,0.921875,24
1950-06-01,1.0,24
1950-06-02,1.0,24
1950-06-03,0.9635416666666666,24
1950-06-04,0.59375,24
1950-06-05,0.9895833333333334,24
1950-06-06,1.0,24
1950-06-07,0.4322916666666667,24
1950-06-08,0.0,24
1950-06-09,0.010416666666666666,24
1950-06-10,0.2708333333333333,24
1950-06-11,0.4270833333333333,24
1950-06-12,0.375,24
1950-06-13,0.7552083333333334,24
1950-06-14,0.5677083333333334,24
1950-06-15,0.65625,24
1950-06-16,0.9270833333333334,24
1950-06-17,0.6875,24
1950-06-18,0.546875,24
1950-06-19,0.84375,24
1950-06-20,0.9010416666666666,24
1950-06-21,0.7552083333333334,24
1950-06-22,0.8177083333333334,24
1950-06-23,0.8177083333333334,24
1950-06-24,0.796875,24
1950-06-25,0.328125,24
1950-06-26,0.6927083333333334,24
1950-06-27,0.4427083333333333,24
1950-06-28,0.3645833333333333,24
1950-06-29,0.3229166666666667,24
1950-06-30,0.4010416666666667,24
1950-07-01,0.4895833333333333,24
1950-07-02,0.7083333333333334,24
1950-07-03,0.546875,24
1950-07-04,0.6302083333333334,24
1950-07-05,0.7135416666666666,24
1950-07-06,0.6354166666666666,24
1950-07-07,0.6041666666666666,24
1950-07-08,0.625,24
1950-07-09,0.796875,24
1950-07-10,0.921875,24
1950-07-11,0.7395833333333334,24
1950-07-12,0.7552083333333334,24
1950-07-13,0.828125,24
1950-07-14,0.8489583333333334,24
1950-07-15,1.0,24
1950-07-16,1.0,24
1950-07-17,0.984375,24
1950-07-18,0.4947916666666667,24
1950-07-19,0.296875,24
1950-07-20,0.16145833333333334,24
1950-07-21,0.09375,24
1950-07-22,0.34375,24
1950-07-23,0.6822916666666666,24
1950-07-24,0.6145833333333334,24
1950-07-25,0.453125,24
1950-07-26,0.578125,24
1950-07-27,0.28125,24
1950-07-28,0.453125,24
1950-07-29,0.5364583333333334,24
1950-07-30,0.71875,24
1950-07-31,0.921875,24
1950-08-01,0.4375,24
1950-08-02,0.3072916666666667,24
1950-08-03,0.5572916666666666,24
1950-08-04,0.71875,24
1950-08-05,0.4947916666666667,24
1950-08-06,0.21354166666666666,24
1950-08-07,0.20833333333333334,24
1950-08-08,0.0,24
1950-08-09,0.109375,24
1950-08-10,0.13020833333333334,24
1950-08-11,0.4270833333333333,24
1950-08-12,0.4895833333333333,24
1950-08-13,0.5052083333333334,24
1950-08-14,0.3645833333333333,24
1950-08-15,0.359375,24
1950-08-16,0.328125,24
1950-08-17,0.65625,24
1950-08-18,0.859375,24
1950-08-19,0.859375,24
1950-08-20,0.9583333333333334,24
1950-08-21,0.9166666666666666,24
1950-08-22,0.8697916666666666,24
1950-08-23,0.8489583333333334,24
1950-08-24,0.8645833333333334,24
1950-08-25,0.9947916666666666,24
1950-08-26,0.9479166666666666,24
1950-08-27,0.9427083333333334,24
1950-08-28,0.4583333333333333,24
1950-08-29,0.3645833333333333,24
1950-08-30,0.6614583333333334,24
1950-08-31,0.7083333333333334,24
1950-09-01,0.75,24
1950-09-02,0.9114583333333334,24
1950-09-03,0.9947916666666666,24
1950-09-04,0.9322916666666666,24
1950-09-05,0.9895833333333334,24
1950-09-06,0.9947916666666666,24
1950-09-07,0.9895833333333334,24
1950-09-08,0.7916666666666666,24
1950-09-09,0.22916666666666666,24
1950-09-10,0.40625,24
1950-09-11,0.4739583333333333,24
1950-09-12,0.6770833333333334,24
1950-09-13,0.3489583333333333,24
1950-09-14,0.6979166666666666,24
1950-09-15,0.515625,24
1950-09-16,0.8072916666666666,24
1950-09-17,0.703125,24
1950-09-18,0.4947916666666667,24
1950-09-19,0.14583333333333334,24
1950-09-20,0.020833333333333332,24
1950-09-21,0.578125,24
1950-09-22,0.0,24
1950-09-23,0.390625,24
1950-09-24,0.4791666666666667,24
1950-09-25,0.5729166666666666,24
1950-09-26,0.5520833333333334,24
1950-09-27,0.3802083333333333,24
1950-09-28,0.6354166666666666,24
1950-09-29,0.7552083333333334,24
1950-09-30,0.671875,24
1950-10-01,0.203125,24
1950-10-02,0.0,24
1950-10-03,0.036458333333333336,24
1950-10-04,0.10416666666666667,24
1950-10-05,0.375,24
1950-10-06,0.7119565217391305,23
1950-10-07,0.7291666666666666,24
1950-10-08,0.6666666666666666,24
1950-10-09,0.6979166666666666,24
1950-10-10,0.578125,24
1950-10-11,0.3333333333333333,24
1950-10-12,0.234375,24
1950-10-13,0.0625,24
1950-10-14,0.08333333333333333,24
1950-10-15,0.6770833333333334,24
1950-10-16,0.4739583333333333,24
1950-10-17,0.34375,24
1950-10-18,0.11979166666666667,24
1950-10-19,0.0,24
1950-10-20,0.671875,24
1950-10-21,0.6510416666666666,24
1950-10-22,0.07291666666666667,24
1950-10-23,0.8541666666666666,24
1950-10-24,0.5208333333333334,24
1950-10-25,0.59375,24
1950-10-26,0.22395833333333334,24
1950-10-27,0.734375,24
1950-10-28,0.21354166666666666,24
1950-10-29,0.34375,24
1950-10-30,0.71875,24
1950-10-31,0.6041666666666666,24
1950-11-01,0.03125,24
1950-11-02,0.005208333333333333,24
1950-11-03,0.010416666666666666,24
1950-11-04,0.020833333333333332,24
1950-11-05,0.015625,24
1950-11-06,0.052083333333333336,24
1950-11-07,0.5625,24
1950-11-08,0.7135416666666666,24
1950-11-09,0.7291666666666666,24
1950-11-10,0.020833333333333332,24
1950-11-11,0.010416666666666666,24
1950-11-12,0.03125,24
1950-11-13,0.5260416666666666,24
1950-11-14,0.8177083333333334,24
1950-11-15,0.5625,24
1950-11-16,0.2916666666666667,24
1950-11-17,0.125,24
1950-11-18,0.9895833333333334,24
1950-11-19,0.984375,24
1950-11-20,0.5885416666666666,24
1950-11-21,1.0,24
1950-11-22,0.65625,24
1950-11-23,0.005208333333333333,24
1950-11-24,0.8072916666666666,24
1950-11-25,0.6979166666666666,24
1950-11-26,0.7916666666666666,24
1950-11-27,0.609375,24
1950-11-28,0.5885416666666666,24
1950-11-29,0.7916666666666666,24
1950-11-30,0.96875,24
1950-12-01,0.9739583333333334,24
1950-12-02,0.4166666666666667,24
1950-12-03,0.4270833333333333,24
1950-12-04,0.7447916666666666,24
1950-12-05,0.3958333333333333,24
1950-12-06,0.140625,24
1950-12-07,0.4010416666666667,24
1950-12-08,0.34375,24
1950-12-09,0.0,24
1950-12-10,0.010416666666666666,24
1950-12-11,0.4583333333333333,24
1950-12-12,0.4375,24
1950-12-13,0.7239583333333334,24
1950-12-14,0.9583333333333334,24
1950-12-15,0.59375,24
1950-12-16,0.3854166666666667,24
1950-12-17,0.5052083333333334,24
1950-12-18,0.2864583333333333,24
1950-12-19,0.359375,24
1950-12-20,0.13541666666666666,24
1950-12-21,0.7916666666666666,24
1950-12-22,0.8854166666666666,24
1950-12-23,0.375,24
1950-12-24,0.2552083333333333,24
1950-12-25,0.6041666666666666,24
1950-12-26,0.921875,24
1950-12-27,0.23958333333333334,24
1950-12-28,0.484375,24
1950-12-29,0.59375,24
1950-12-30,0.2916666666666667,24
1950-12-31,0.5989583333333334,24
1951-01-01,0.0625,24
1951-01-02,0.16666666666666666,24
1951-01-03,0.4947916666666667,24
1951-01-04,0.125,24
1951-01-05,0.3333333333333333,24
1951-01-06,0.010416666666666666,24
1951-01-07,0.08333333333333333,24
1951-01-08,0.203125,24
1951-01-09,0.3958333333333333,24
1951-01-10,0.6927083333333334,24
1951-01-11,0.7604166666666666,24
1951-01-12,0.5416666666666666,24
1951-01-13,0.026041666666666668,24
1951-01-14,0.03125,24
1951-01-15,0.11979166666666667,24
1951-01-16,0.609375,24
1951-01-17,0.265625,24
1951-01-18,0.5729166666666666,24
1951-01-19,0.8385416666666666,24
1951-01-20,0.13020833333333334,24
1951-01-21,0.11458333333333333,24
1951-01-22,0.3072916666666667,24
1951-01-23,0.08854166666666667,24
1951-01-24,0.0,24
1951-01-25,0.0625,24
1951-01-26,0.8020833333333334,24
1951-01-27,0.9895833333333334,24
1951-01-28,1.0,24
1951-01-29,0.9895833333333334,24
1951-01-30,0.8854166666666666,24
1951-01-31,0.109375,24
1951-02-01,0.015625,24
1951-02-02,0.0,24
1951-02-03,0.0,24
1951-02-04,0.140625,24
1951-02-05,0.6770833333333334,24
1951-02-06,0.609375,24
1951-02-07,0.8854166666666666,24
1951-02-08,0.6979166666666666,24
1951-02-09,0.453125,24
1951-02-10,0.9635416666666666,24
1951-02-11,0.9479166666666666,24
1951-02-12,0.7083333333333334,24
1951-02-13,0.0,24
1951-02-14,0.359375,24
1951-02-15,0.4010416666666667,24
1951-02-16,0.6822916666666666,24
1951-02-17,0.15625,24
1951-02-18,0.75,24
1951-02-19,0.19270833333333334,24
1951-02-20,0.057291666666666664,24
1951-02-21,0.2604166666666667,24
1951-02-22,0.6927083333333334,24
1951-02-23,0.5,24
1951-02-24,0.4114583333333333,24
1951-02-25,0.22395833333333334,24
1951-02-26,0.5,24
1951-02-27,0.75,24
1951-02-28,0.2760416666666667,24
1951-03-01,0.5364583333333334,24
1951-03-02,0.5260416666666666,24
1951-03-03,0.484375,24
1951-03-04,0.0,24
1951-03-05,0.140625,24
1951-03-06,0.6614583333333334,24
1951-03-07,0.25,24
1951-03-08,0.14583333333333334,24
1951-03-09,0.890625,24
1951-03-10,0.6458333333333334,24
1951-03-11,0.0,24
1951-03-12,0.0,24
1951-03-13,0.0,24
1951-03-14,0.0,24
1951-03-15,0.078125,24
1951-03-16,0.8802083333333334,24
1951-03-17,0.7708333333333334,24
1951-03-18,0.07291666666666667,24
1951-03-19,0.005208333333333333,24
1951-03-20,0.6822916666666666,24
1951-03-21,0.7864583333333334,24
1951-03-22,0.6041666666666666,24
1951-03-23,0.609375,24
1951-03-24,0.625,24
1951-03-25,0.5625,24
1951-03-26,0.7864583333333334,24
1951-03-27,0.4010416666666667,24
1951-03-28,0.6614583333333334,24
1951-03-29,0.6458333333333334,24
1951-03-30,0.9166666666666666,24
1951-03-31,0.7395833333333334,24
1951-04-01,0.036458333333333336,24
1951-04-02,0.78125,24
1951-04-03,0.9739583333333334,24
1951-04-04,0.703125,24
1951-04-05,0.5,24
1951-04-06,0.9427083333333334,24
1951-04-07,0.9739583333333334,24
1951-04-08,0.6927083333333334,24
1951-04-09,1.0,24
1951-04-10,0.9947916666666666,24
1951-04-11,0.9270833333333334,24
1951-04-12,0.6614583333333334,24
1951-04-13,0.609375,24
1951-04-14,0.7552083333333334,24
1951-04-15,0.9427083333333334,24
1951-04-16,0.890625,24
1951-04-17,0.8333333333333334,24
1951-04-18,0.6927083333333334,24
1951-04-19,0.9427083333333334,24
1951-04-20,0.9479166666666666,24
1951-04-21,0.7760416666666666,24
1951-04-22,0.59375,24
1951-04-23,0.8333333333333334,24
1951-04-24,0.78125,24
1951-04-25,0.9375,24
1951-04-26,0.7760416666666666,24
1951-04-27,0.53125,24
1951-04-28,0.6510416666666666,24
1951-04-29,0.8177083333333334,24
1951-04-30,0.4427083333333333,24
1951-05-01,0.53125,24
1951-05-02,0.036458333333333336,24
1951-05-03,0.6197916666666666,24
1951-05-04,0.10416666666666667,24
1951-05-05,0.483695652173913,23
1951-05-06,0.21875,24
1951-05-07,0.5260416666666666,24
1951-05-08,0.4375,24
1951-05-09,0.7083333333333334,24
1951-05-10,0.8020833333333334,24
1951-05-11,0.9270833333333334,24
1951-05-12,0.6875,24
1951-05-13,0.7552083333333334,24
1951-05-14,0.6875,24
1951-05-15,0.515625,24
1951-05-16,0.0,24
1951-05-17,0.3333333333333333,24
1951-05-18,0.53125,24
1951-05-19,0.5677083333333334,24
1951-05-20,0.671875,24
1951-05-21,0.7552083333333334,24
1951-05-22,0.7291666666666666,24
1951-05-23,0.6458333333333334,24
1951-05-24,0.46875,24
1951-05-25,0.484375,24
1951-05-26,0.625,24
1951-05-27,0.828125,24
1951-05-28,0.8177083333333334,24
1951-05-29,0.6666666666666666,24
1951-05-30,0.4166666666666667,24
1951-05-31,0.671875,24
1951-06-01,0.4270833333333333,24
1951-06-02,0.0,24
1951-06-03,0.2760416666666667,24
1951-06-04,0.734375,24
1951-06-05,0.890625,24
1951-06-06,0.7291666666666666,24
1951-06-07,0.734375,24
1951-06-08,0.8697916666666666,24
1951-06-09,0.5677083333333334,24
1951-06-10,0.5520833333333334,24
1951-06-11,0.46875,24
1951-06-12,0.8645833333333334,24
1951-06-13,0.6666666666666666,24
1951-06-14,0.4010416666666667,24
1951-06-15,0.6458333333333334,24
1951-06-16,0.6354166666666666,24
1951-06-17,0.6354166666666666,24
1951-06-18,0.9010416666666666,24
1951-06-19,0.875,24
1951-06-20,0.8072916666666666,24
1951-06-21,0.8072916666666666,24
1951-06-22,0.8125,24
1951-06-23,0.96875,24
1951-06-24,0.7447916666666666,24
1951-06-25,0.5885416666666666,24
1951-06-26,0.5833333333333334,24
1951-06-27,0.5833333333333334,24
1951-06-28,0.53125,24
1951-06-29,0.8125,24
1951-06-30,0.7239583333333334,24
1951-07-01,0.859375,24
1951-07-02,0.90625,24
1951-07-03,0.9166666666666666,24
1951-07-04,0.609375,24
1951-07-05,0.4427083333333333,24
1951-07-06,0.22395833333333334,24
1951-07-07,0.0,24
1951-07-08,0.5416666666666666,24
1951-07-09,0.90625,24
1951-07-10,0.8645833333333334,24
1951-07-11,0.640625,24
1951-07-12,0.5833333333333334,24
1951-07-13,0.4375,24
1951-07-14,0.671875,24
1951-07-15,0.5520833333333334,24
1951-07-16,0.515625,24
1951-07-17,0.22395833333333334,24
1951-07-18,0.2708333333333333,24
1951-07-19,0.3489583333333333,24
1951-07-20,0.18229166666666666,24
1951-07-21,0.4583333333333333,24
1951-07-22,0.546875,24
1951-07-23,0.7291666666666666,24
1951-07-24,0.5677083333333334,24
1951-07-25,0.8385416666666666,24
1951-07-26,0.28125,24
1951-07-27,0.41304347826086957,23
1951-07-28,0.625,24
1951-07-29,0.18478260869565216,23
1951-07-30,0.3697916666666667,24
1951-07-31,0.4583333333333333,24
1951-08-01,0.7083333333333334,24
1951-08-02,0.5677083333333334,24
1951-08-03,0.7552083333333334,24
1951-08-04,0.28125,24
1951-08-05,0.2864583333333333,24
1951-08-06,0.0,24
1951-08-07,0.11979166666666667,24
1951-08-08,0.4739583333333333,24
1951-08-09,0.6875,24
1951-08-10,0.625,24
1951-08-11,0.5208333333333334,24
1951-08-12,0.4739583333333333,24
1951-08-13,0.328125,24
1951-08-14,0.359375,24
1951-08-15,0.28125,24
1951-08-16,0.20833333333333334,24
1951-08-17,0.4322916666666667,24
1951-08-18,0.4010416666666667,24
1951-08-19,0.3802083333333333,24
1951-08-20,0.5833333333333334,24
1951-08-21,0.6614583333333334,24
1951-08-22,0.625,24
1951-08-23,0.5416666666666666,24
1951-08-24,0.546875,24
1951-08-25,0.6041666666666666,24
1951-08-26,0.6614583333333334,24
1951-08-27,0.2760416666666667,24
1951-08-28,0.8229166666666666,24
1951-08-29,1.0,24
1951-08-30,0.9114583333333334,24
1951-08-31,0.65625,24
1951-09-01,0.453125,24
1951-09-02,0.5885416666666666,24
1951-09-03,0.703125,24
1951-09-04,0.6354166666666666,24
1951-09-05,0.6041666666666666,24
1951-09-06,0.5052083333333334,24
1951-09-07,0.5052083333333334,24
1951-09-08,0.7083333333333334,24
1951-09-09,0.703125,24
1951-09-10,0.6041666666666666,24
1951-09-11,0.5729166666666666,24
1951-09-12,0.6458333333333334,24
1951-09-13,0.6666666666666666,24
1951-09-14,0.6666666666666666,24
1951-09-15,0.65625,24
1951-09-16,0.53125,24
1951-09-17,0.6041666666666666,24
1951-09-18,0.2604166666666667,24
1951-09-19,0.2760416666666667,24
1951-09-20,0.0,24
1951-09-21,0.23958333333333334,24
1951-09-22,0.8958333333333334,24
1951-09-23,1.0,24
1951-09-24,0.953125,24
1951-09-25,0.7916666666666666,24
1951-09-26,0.7447916666666666,24
1951-09-27,0.5989583333333334,24
1951-09-28,0.8177083333333334,24
1951-09-29,0.0,24
1951-09-30,0.3385416666666667,24
1951-10-01,0.7447916666666666,24
1951-10-02,0.3645833333333333,24
1951-10-03,0.6614583333333334,24
1951-10-04,0.546875,24
1951-10-05,0.6458333333333334,24
1951-10-06,0.026041666666666668,24
1951-10-07,0.0,24
1951-10-08,0.08854166666666667,24
1951-10-09,0.15104166666666666,24
1951-10-10,0.2864583333333333,24
1951-10-11,0.5729166666666666,24
1951-10-12,0.5572916666666666,24
1951-10-13,0.3854166666666667,24
1951-10-14,0.5416666666666666,24
1951-10-15,0.7552083333333334,24
1951-10-16,0.765625,24
1951-10-17,0.71875,24
1951-10-18,0.0,24
1951-10-19,0.3802083333333333,24
1951-10-20,0.9427083333333334,24
1951-10-21,0.796875,24
1951-10-22,0.2552083333333333,24
1951-10-23,0.0,24
1951-10-24,0.2864583333333333,24
1951-10-25,0.859375,24
1951-10-26,0.4895833333333333,24
1951-10-27,0.0,24
1951-10-28,0.0,24
1951-10-29,0.125,24
1951-10-30,0.7864583333333334,24
1951-10-31,0.6197916666666666,24
1951-11-01,0.6354166666666666,24
1951-11-02,0.09375,24
1951-11-03,0.015625,24
1951-11-04,0.0,24
1951-11-05,0.59375,24
1951-11-06,0.20833333333333334,24
1951-11-07,0.5520833333333334,24
1951-11-08,0.578125,24
1951-11-09,0.5104166666666666,24
1951-11-10,0.7239583333333334,24
1951-11-11,0.7291666666666666,24
1951-11-12,0.6354166666666666,24
1951-11-13,0.8385416666666666,24
1951-11-14,0.026041666666666668,24
1951-11-15,0.046875,24
1951-11-16,0.0,24
1951-11-17,0.0,24
1951-11-18,0.0,24
1951-11-19,0.2552083333333333,24
1951-11-20,0.734375,24
1951-11-21,0.8958333333333334,24
1951-11-22,0.75,24
1951-11-23,0.7916666666666666,24
1951-11-24,0.40625,24
1951-11-25,0.03125,24
1951-11-26,0.078125,24
1951-11-27,0.010416666666666666,24
1951-11-28,0.010416666666666666,24
1951-11-29,0.4010416666666667,24
1951-11-30,0.8697916666666666,24
1951-12-01,0.6197916666666666,24
1951-12-02,0.71875,24
1951-12-03,0.24479166666666666,24
1951-12-04,0.9010416666666666,24
1951-12-05,0.796875,24
1951-12-06,0.4895833333333333,24
1951-12-07,0.515625,24
1951-12-08,0.06770833333333333,24
1951-12-09,0.005208333333333333,24
1951-12-10,0.078125,24
1951-12-11,0.7552083333333334,24
1951-12-12,0.7447916666666666,24
1951-12-13,0.3958333333333333,24
1951-12-14,0.0,24
1951-12-15,0.0,24
1951-12-16,0.2760416666666667,24
1951-12-17,0.4947916666666667,24
1951-12-18,0.390625,24
1951-12-19,0.9010416666666666,24
1951-12-20,0.21354166666666666,24
1951-12-21,0.0,24
1951-12-22,0.005208333333333333,24
1951-12-23,0.2864583333333333,24
1951-12-24,0.9322916666666666,24
1951-12-25,0.7552083333333334,24
1951-12-26,0.09895833333333333,24
1951-12-27,0.234375,24
1951-12-28,0.9166666666666666,24
1951-12-29,1.0,24
1951-12-30,1.0,24
1951-12-31,0.5104166666666666,24
1952-01-01,0.2760416666666667,24
1952-01-02,0.16666666666666666,24
1952-01-03,0.0,24
1952-01-04,0.14583333333333334,24
1952-01-05,0.3020833333333333,24
1952-01-06,0.7447916666666666,24
1952-01-07,0.7447916666666666,24
1952-01-08,0.4947916666666667,24
1952-01-09,0.015625,24
1952-01-10,0.6875,24
1952-01-11,0.5104166666666666,24
1952-01-12,0.9270833333333334,24
1952-01-13,0.984375,24
1952-01-14,0.5104166666666666,24
1952-01-15,0.3802083333333333,24
1952-01-16,0.9270833333333334,24
1952-01-17,1.0,24
1952-01-18,0.9375,24
1952-01-19,0.7864583333333334,24
1952-01-20,0.734375,24
1952-01-21,0.8854166666666666,24
1952-01-22,0.3333333333333333,24
1952-01-23,0.5885416666666666,24
1952-01-24,0.3541666666666667,24
1952-01-25,0.9479166666666666,24
1952-01-26,0.65625,24
1952-01-27,0.0,24
1952-01-28,0.046875,24
1952-01-29,0.6197916666666666,24
1952-01-30,0.328125,24
1952-01-31,0.5989583333333334,24
1952-02-01,0.46875,24
1952-02-02,0.6822916666666666,24
1952-02-03,0.0,24
1952-02-04,0.2760416666666667,24
1952-02-05,0.11458333333333333,24
1952-02-06,0.0625,24
1952-02-07,0.5989583333333334,24
1952-02-08,0.8125,24
1952-02-09,0.9739583333333334,24
1952-02-10,0.421875,24
1952-02-11,0.7864583333333334,24
1952-02-12,0.3125,24
1952-02-13,0.3697916666666667,24
1952-02-14,0.026041666666666668,24
1952-02-15,0.015625,24
1952-02-16,0.015625,24
1952-02-17,0.9166666666666666,24
1952-02-18,0.4635416666666667,24
1952-02-19,0.5,24
1952-02-20,0.59375,24
1952-02-21,0.421875,24
1952-02-22,0.6041666666666666,24
1952-02-23,0.8125,24
1952-02-24,0.390625,24
1952-02-25,0.046875,24
1952-02-26,0.5677083333333334,24
1952-02-27,0.640625,24
1952-02-28,0.0625,24
1952-02-29,0.421875,24
1952-03-01,0.9114583333333334,24
1952-03-02,0.5416666666666666,24
1952-03-03,0.08333333333333333,24
1952-03-04,0.78125,24
1952-03-05,0.5520833333333334,24
1952-03-06,0.453125,24
1952-03-07,1.0,24
1952-03-08,0.8385416666666666,24
1952-03-09,0.6354166666666666,24
1952-03-10,0.7552083333333334,24
1952-03-11,0.8697916666666666,24
1952-03-12,0.5260416666666666,24
1952-03-13,0.765625,24
1952-03-14,0.6666666666666666,24
1952-03-15,0.953125,24
1952-03-16,0.8958333333333334,24
1952-03-17,0.6041666666666666,24
1952-03-18,0.7239583333333334,24
1952-03-19,0.75,24
1952-03-20,0.390625,24
1952-03-21,0.0,24
1952-03-22,0.0,24
1952-03-23,0.13020833333333334,24
1952-03-24,0.4270833333333333,24
1952-03-25,0.19270833333333334,24
1952-03-26,0.203125,24
1952-03-27,0.6875,24
1952-03-28,0.6510416666666666,24
1952-03-29,0.7447916666666666,24
1952-03-30,0.9895833333333334,24
1952-03-31,0.90625,24
1952-04-01,0.5989583333333334,24
1952-04-02,0.875,24
1952-04-03,0.5833333333333334,24
1952-04-04,0.515625,24
1952-04-05,0.7916666666666666,24
1952-04-06,0.734375,24
1952-04-07,0.7552083333333334,24
1952-04-08,0.828125,24
1952-04-09,0.9479166666666666,24
1952-04-10,0.859375,24
1952-04-11,0.7291666666666666,24
1952-04-12,0.8541666666666666,24
1952-04-13,0.9427083333333334,24
1952-04-14,0.4479166666666667,24
1952-04-15,0.10416666666666667,24
1952-04-16,0.0,24
1952-04-17,0.5260416666666666,24
1952-04-18,0.765625,24
1952-04-19,0.9010416666666666,24
1952-04-20,0.421875,24
1952-04-21,0.8125,24
1952-04-22,0.5052083333333334,24
1952-04-23,0.8020833333333334,24
1952-04-24,0.7135416666666666,24
1952-04-25,0.84375,24
1952-04-26,0.6458333333333334,24
1952-04-27,0.765625,24
1952-04-28,0.9895833333333334,24
1952-04-29,0.8489583333333334,24
1952-04-30,0.4270833333333333,24
1952-05-01,0.09375,24
1952-05-02,0.15104166666666666,24
1952-05-03,0.5677083333333334,24
1952-05-04,0.2916666666666667,24
1952-05-05,0.4010416666666667,24
1952-05-06,0.5729166666666666,24
1952-05-07,0.8260869565217391,23
1952-05-08,0.6822916666666666,24
1952-05-09,0.375,24
1952-05-10,0.4322916666666667,24
1952-05-11,0.5364583333333334,24
1952-05-12,0.5833333333333334,24
1952-05-13,0.5572916666666666,24
1952-05-14,0.4791666666666667,24
1952-05-15,0.9479166666666666,24
1952-05-16,0.9322916666666666,24
1952-05-17,0.6145833333333334,24
1952-05-18,0.3958333333333333,24
1952-05-19,0.5208333333333334,24
1952-05-20,0.7447916666666666,24
1952-05-21,0.6614583333333334,24
1952-05-22,0.6354166666666666,24
1952-05-23,0.4791666666666667,24
1952-05-24,0.5416666666666666,24
1952-05-25,0.5104166666666666,24
1952-05-26,0.5989583333333334,24
1952-05-27,0.8541666666666666,24
1952-05-28,0.8385416666666666,24
1952-05-29,0.703125,24
1952-05-30,0.9322916666666666,24
1952-05-31,0.8072916666666666,24
1952-06-01,0.7552083333333334,24
1952-06-02,0.703125,24
1952-06-03,1.0,24
1952-06-04,0.8385416666666666,24
1952-06-05,0.9583333333333334,24
1952-06-06,0.8802083333333334,24
1952-06-07,0.484375,24
1952-06-08,0.4895833333333333,24
1952-06-09,0.15625,24
1952-06-10,0.0625,24
1952-06-11,0.5625,24
1952-06-12,0.4270833333333333,24
1952-06-13,0.19791666666666666,24
1952-06-14,0.22916666666666666,24
1952-06-15,0.265625,24
1952-06-16,0.0,24
1952-06-17,0.6927083333333334,24
1952-06-18,0.6458333333333334,24
1952-06-19,0.703125,24
1952-06-20,0.4635416666666667,24
1952-06-21,0.7083333333333334,24
1952-06-22,0.7552083333333334,24
1952-06-23,0.625,24
1952-06-24,0.7916666666666666,24
1952-06-25,0.9322916666666666,24
1952-06-26,0.9270833333333334,24
1952-06-27,0.4583333333333333,24
1952-06-28,0.84375,24
1952-06-29,0.5989583333333334,24
1952-06-30,0.2552083333333333,24
1952-07-01,0.4895833333333333,24
1952-07-02,0.5989583333333334,24
1952-07-03,0.6510416666666666,24
1952-07-04,0.5989583333333334,24
1952-07-05,0.6041666666666666,24
1952-07-06,0.6145833333333334,24
1952-07-07,0.5208333333333334,24
1952-07-08,0.5416666666666666,24
1952-07-09,0.24479166666666666,24
1952-07-10,0.0,24
1952-07-11,0.3541666666666667,24
1952-07-12,0.0,24
1952-07-13,0.20833333333333334,24
1952-07-14,0.515625,24
1952-07-15,0.6458333333333334,24
1952-07-16,0.7916666666666666,24
1952-07-17,0.671875,24
1952-07-18,0.7239583333333334,24
1952-07-19,0.8645833333333334,24
1952-07-20,0.6927083333333334,24
1952-07-21,0.5520833333333334,24
1952-07-22,0.3072916666666667,24
1952-07-23,0.3125,24
1952-07-24,0.6302083333333334,24
1952-07-25,0.4583333333333333,24
1952-07-26,0.46875,24
1952-07-27,0.3385416666666667,24
1952-07-28,0.5260416666666666,24
1952-07-29,0.6458333333333334,24
1952-07-30,0.7708333333333334,24
1952-07-31,0.7083333333333334,24
1952-08-01,0.7864583333333334,24
1952-08-02,0.4270833333333333,24
1952-08-03,0.671875,24
1952-08-04,0.9322916666666666,24
1952-08-05,0.484375,24
1952-08-06,0.7552083333333334,24
1952-08-07,0.2604166666666667,24
1952-08-08,0.6927083333333334,24
1952-08-09,0.8020833333333334,24
1952-08-10,0.8229166666666666,24
1952-08-11,0.703125,24
1952-08-12,0.765625,24
1952-08-13,0.9635416666666666,24
1952-08-14,0.71875,24
1952-08-15,0.578125,24
1952-08-16,0.578125,24
1952-08-17,0.2916666666666667,24
1952-08-18,0.3802083333333333,24
1952-08-19,0.5104166666666666,24
1952-08-20,0.5260416666666666,24
1952-08-21,0.25,24
1952-08-22,0.4427083333333333,24
1952-08-23,0.5416666666666666,24
1952-08-24,0.625,24
1952-08-25,0.010416666666666666,24
1952-08-26,0.24479166666666666,24
1952-08-27,0.052083333333333336,24
1952-08-28,0.171875,24
1952-08-29,0.08333333333333333,24
1952-08-30,0.140625,24
1952-08-31,0.17708333333333334,24
1952-09-01,0.16666666666666666,24
1952-09-02,0.0,24
1952-09-03,0.0625,24
1952-09-04,0.07291666666666667,24
1952-09-05,0.14583333333333334,24
1952-09-06,0.14583333333333334,24
1952-09-07,0.036458333333333336,24
1952-09-08,0.005208333333333333,24
1952-09-09,0.3958333333333333,24
1952-09-10,0.5989583333333334,24
1952-09-11,0.41304347826086957,23
1952-09-12,0.052083333333333336,24
1952-09-13,0.0,24
1952-09-14,0.19318181818181818,22
1952-09-15,0.4322916666666667,24
1952-09-16,0.005208333333333333,24
1952-09-17,0.078125,24
1952-09-18,0.21354166666666666,24
1952-09-19,0.9791666666666666,24
1952-09-20,0.9322916666666666,24
1952-09-21,0.375,24
1952-09-22,0.15104166666666666,24
1952-09-23,0.0,24
1952-09-24,0.34375,24
1952-09-25,0.609375,24
1952-09-26,0.9479166666666666,24
1952-09-27,1.0,24
1952-09-28,1.0,24
1952-09-29,0.7604166666666666,24
1952-09-30,0.7239583333333334,24
1952-10-01,0.9583333333333334,24
1952-10-02,0.6302083333333334,24
1952-10-03,0.17708333333333334,24
1952-10-04,0.3229166666666667,24
1952-10-05,0.5729166666666666,24
1952-10-06,0.4583333333333333,24
1952-10-07,0.25,24
1952-10-08,0.0,24
1952-10-09,0.19791666666666666,24
1952-10-10,0.5625,24
1952-10-11,0.6510416666666666,24
1952-10-12,0.7708333333333334,24
1952-10-13,0.8541666666666666,24
1952-10-14,0.9322916666666666,24
1952-10-15,0.8854166666666666,24
1952-10-16,0.8072916666666666,24
1952-10-17,0.8229166666666666,24
1952-10-18,0.8125,24
1952-10-19,0.4270833333333333,24
1952-10-20,0.9270833333333334,24
1952-10-21,0.8541666666666666,24
1952-10-22,0.75,24
1952-10-23,0.8072916666666666,24
1952-10-24,0.625,24
1952-10-25,0.9166666666666666,24
1952-10-26,0.734375,24
1952-10-27,0.421875,24
1952-10-28,0.3020833333333333,24
1952-10-29,0.5729166666666666,24
1952-10-30,0.8072916666666666,24
1952-10-31,0.7916666666666666,24
1952-11-01,0.7135416666666666,24
1952-11-02,0.7708333333333334,24
1952-11-03,0.0,24
1952-11-04,0.020833333333333332,24
1952-11-05,0.4270833333333333,24
1952-11-06,0.21875,24
1952-11-07,0.9479166666666666,24
1952-11-08,0.7239583333333334,24
1952-11-09,0.2760416666666667,24
1952-11-10,0.13541666666666666,24
1952-11-11,0.22916666666666666,24
1952-11-12,0.7083333333333334,24
1952-11-13,0.6041666666666666,24
1952-11-14,0.4739583333333333,24
1952-11-15,0.5729166666666666,24
1952-11-16,0.7864583333333334,24
1952-11-17,0.078125,24
1952-11-18,0.0,24
1952-11-19,0.0,24
1952-11-20,0.036458333333333336,24
1952-11-21,0.375,24
1952-11-22,0.9375,24
1952-11-23,0.8385416666666666,24
1952-11-24,0.19791666666666666,24
1952-11-25,0.3333333333333333,24
1952-11-26,0.6666666666666666,24
1952-11-27,0.010416666666666666,24
1952-11-28,0.09375,24
1952-11-29,0.4479166666666667,24
1952-11-30,0.6770833333333334,24
1952-12-01,0.328125,24
1952-12-02,0.6145833333333334,24
1952-12-03,0.03125,24
1952-12-04,0.125,24
1952-12-05,0.75,24
1952-12-06,0.5625,24
1952-12-07,0.421875,24
1952-12-08,0.6979166666666666,24
1952-12-09,0.0,24
1952-12-10,0.078125,24
1952-12-11,0.057291666666666664,24
1952-12-12,0.0,24
1952-12-13,0.0,24
1952-12-14,0.0,24
1952-12-15,0.11458333333333333,24
1952-12-16,0.8072916666666666,24
1952-12-17,0.9427083333333334,24
1952-12-18,0.2916666666666667,24
1952-12-19,0.9166666666666666,24
1952-12-20,0.7760416666666666,24
1952-12-21,0.2864583333333333,24
1952-12-22,0.0,24
1952-12-23,0.2760416666666667,24
1952-12-24,0.6458333333333334,24
1952-12-25,0.7708333333333334,24
1952-12-26,0.005208333333333333,24
1952-12-27,0.3385416666666667,24
1952-12-28,0.9427083333333334,24
1952-12-29,0.07291666666666667,24
1952-12-30,0.5052083333333334,24
1952-12-31,0.6822916666666666,24
1953-01-01,0.4114583333333333,24
1953-01-02,0.375,24
1953-01-03,0.09895833333333333,24
1953-01-04,0.265625,24
1953-01-05,0.234375,24
1953-01-06,1.0,24
1953-01-07,1.0,24
1953-01-08,0.7864583333333334,24
1953-01-09,0.5677083333333334,24
1953-01-10,0.0,24
1953-01-11,0.328125,24
1953-01-12,0.9427083333333334,24
1953-01-13,0.921875,24
1953-01-14,0.5572916666666666,24
1953-01-15,0.18229166666666666,24
1953-01-16,0.125,24
1953-01-17,0.2916666666666667,24
1953-01-18,0.4479166666666667,24
1953-01-19,0.3958333333333333,24
1953-01-20,0.6979166666666666,24
1953-01-21,0.7083333333333334,24
1953-01-22,0.16145833333333334,24
1953-01-23,0.036458333333333336,24
1953-01-24,0.2916666666666667,24
1953-01-25,0.46875,24
1953-01-26,0.7291666666666666,24
1953-01-27,0.6354166666666666,24
1953-01-28,0.020833333333333332,24
1953-01-29,0.005208333333333333,24
1953-01-30,0.0,24
1953-01-31,0.0,24
1953-02-01,0.3645833333333333,24
1953-02-02,0.057291666666666664,24
1953-02-03,0.71875,24
1953-02-04,0.734375,24
1953-02-05,0.9010416666666666,24
1953-02-06,0.3802083333333333,24
1953-02-07,0.036458333333333336,24
1953-02-08,0.265625,24
1953-02-09,0.005208333333333333,24
1953-02-10,0.0,24
1953-02-11,0.020833333333333332,24
1953-02-12,0.109375,24
1953-02-13,0.0625,24
1953-02-14,0.0,24
1953-02-15,0.2604166666666667,24
1953-02-16,0.125,24
1953-02-17,0.0,24
1953-02-18,0.2916666666666667,24
1953-02-19,0.005208333333333333,24
1953-02-20,0.0,24
1953-02-21,0.0,24
1953-02-22,0.0,24
1953-02-23,0.5729166666666666,24
1953-02-24,0.484375,24
1953-02-25,0.25,24
1953-02-26,0.0,24
1953-02-27,0.005208333333333333,24
1953-02-28,0.4375,24
1953-03-01,0.921875,24
1953-03-02,0.7447916666666666,24
1953-03-03,0.036458333333333336,24
1953-03-04,0.0,24
1953-03-05,0.0,24
1953-03-06,0.015625,24
1953-03-07,0.0,24
1953-03-08,0.25,24
1953-03-09,0.5677083333333334,24
1953-03-10,0.6770833333333334,24
1953-03-11,0.3854166666666667,24
1953-03-12,0.5208333333333334,24
1953-03-13,0.4270833333333333,24
1953-03-14,0.041666666666666664,24
1953-03-15,0.3489583333333333,24
1953-03-16,0.09895833333333333,24
1953-03-17,0.5052083333333334,24
1953-03-18,0.5416666666666666,24
1953-03-19,0.6145833333333334,24
1953-03-20,0.8645833333333334,24
1953-03-21,0.375,24
1953-03-22,0.23958333333333334,24
1953-03-23,0.005208333333333333,24
1953-03-24,0.390625,24
1953-03-25,0.8177083333333334,24
1953-03-26,0.6197916666666666,24
1953-03-27,0.11458333333333333,24
1953-03-28,0.9635416666666666,24
1953-03-29,0.7291666666666666,24
1953-03-30,0.375,24
1953-03-31,0.0,24
1953-04-01,0.421875,24
1953-04-02,0.6770833333333334,24
1953-04-03,0.9635416666666666,24
1953-04-04,0.96875,24
1953-04-05,1.0,24
1953-04-06,0.984375,24
1953-04-07,0.8489583333333334,24
1953-04-08,0.484375,24
1953-04-09,0.046875,24
1953-04-10,0.22916666666666666,24
1953-04-11,0.11458333333333333,24
1953-04-12,0.041666666666666664,24
1953-04-13,0.3958333333333333,24
1953-04-14,0.2916666666666667,24
1953-04-15,0.21875,24
1953-04-16,0.625,24
1953-04-17,0.8541666666666666,24
1953-04-18,0.375,24
1953-04-19,0.7135416666666666,24
1953-04-20,0.71875,24
1953-04-21,0.671875,24
1953-04-22,0.5885416666666666,24
1953-04-23,0.8177083333333334,24
1953-04-24,0.6510416666666666,24
1953-04-25,0.8125,24
1953-04-26,0.8333333333333334,24
1953-04-27,1.0,24
1953-04-28,0.8020833333333334,24
1953-04-29,0.78125,24
1953-04-30,0.7135416666666666,24
1953-05-01,0.4114583333333333,24
1953-05-02,0.0,24
1953-05-03,0.015625,24
1953-05-04,0.0,24
1953-05-05,0.005208333333333333,24
1953-05-06,0.19791666666666666,24
1953-05-07,0.203125,24
1953-05-08,0.5833333333333334,24
1953-05-09,0.125,24
1953-05-10,0.07291666666666667,24
1953-05-11,0.06770833333333333,24
1953-05-12,0.026041666666666668,24
1953-05-13,0.3333333333333333,24
1953-05-14,0.7291666666666666,24
1953-05-15,0.9947916666666666,24
1953-05-16,0.9270833333333334,24
1953-05-17,0.734375,24
1953-05-18,0.3489583333333333,24
1953-05-19,0.4947916666666667,24
1953-05-20,0.96875,24
1953-05-21,0.6510416666666666,24
1953-05-22,0.3072916666666667,24
1953-05-23,0.4635416666666667,24
1953-05-24,0.5260416666666666,24
1953-05-25,0.25,24
1953-05-26,0.16145833333333334,24
1953-05-27,0.4114583333333333,24
1953-05-28,0.734375,24
1953-05-29,0.2760416666666667,24
1953-05-30,0.10416666666666667,24
1953-05-31,0.9635416666666666,24
1953-06-01,0.859375,24
1953-06-02,0.296875,24
1953-06-03,0.2552083333333333,24
1953-06-04,0.19791666666666666,24
1953-06-05,0.7552083333333334,24
1953-06-06,0.7864583333333334,24
1953-06-07,0.8854166666666666,24
1953-06-08,0.7447916666666666,24
1953-06-09,0.5,24
1953-06-10,0.20833333333333334,24
1953-06-11,0.08333333333333333,24
1953-06-12,0.3385416666666667,24
1953-06-13,0.010416666666666666,24
1953-06-14,0.3072916666666667,24
1953-06-15,0.5520833333333334,24
1953-06-16,0.9010416666666666,24
1953-06-17,0.953125,24
1953-06-18,0.96875,24
1953-06-19,0.8697916666666666,24
1953-06-20,0.5729166666666666,24
1953-06-21,0.4010416666666667,24
1953-06-22,0.7395833333333334,24
1953-06-23,0.75,24
1953-06-24,0.5625,24
1953-06-25,0.5520833333333334,24
1953-06-26,0.546875,24
1953-06-27,0.4010416666666667,24
1953-06-28,0.4895833333333333,24
1953-06-29,0.40625,24
1953-06-30,0.2708333333333333,24
1953-07-01,0.3229166666666667,24
1953-07-02,0.53125,24
1953-07-03,0.6510416666666666,24
1953-07-04,0.6927083333333334,24
1953-07-05,0.21875,24
1953-07-06,0.6666666666666666,24
1953-07-07,0.5885416666666666,24
1953-07-08,0.4166666666666667,24
1953-07-09,0.3229166666666667,24
1953-07-10,0.2760416666666667,24
1953-07-11,0.020833333333333332,24
1953-07-12,0.25,24
1953-07-13,0.4583333333333333,24
1953-07-14,0.5,24
1953-07-15,0.359375,24
1953-07-16,0.3958333333333333,24
1953-07-17,0.4166666666666667,24
1953-07-18,0.640625,24
1953-07-19,0.5989583333333334,24
1953-07-20,0.65625,24
1953-07-21,0.78125,24
1953-07-22,0.3958333333333333,24
1953-07-23,0.484375,24
1953-07-24,0.6927083333333334,24
1953-07-25,0.5520833333333334,24
1953-07-26,0.4947916666666667,24
1953-07-27,0.28125,24
1953-07-28,0.4114583333333333,24
1953-07-29,0.6510416666666666,24
1953-07-30,0.90625,24
1953-07-31,0.9583333333333334,24
1953-08-01,0.78125,24
1953-08-02,0.71875,24
1953-08-03,0.7083333333333334,24
1953-08-04,0.2864583333333333,24
1953-08-05,0.359375,24
1953-08-06,0.4479166666666667,24
1953-08-07,0.5572916666666666,24
1953-08-08,0.6041666666666666,24
1953-08-09,0.90625,24
1953-08-10,0.859375,24
1953-08-11,0.9583333333333334,24
1953-08-12,0.9895833333333334,24
1953-08-13,0.921875,24
1953-08-14,0.7447916666666666,24
1953-08-15,0.515625,24
1953-08-16,0.5364583333333334,24
1953-08-17,0.5833333333333334,24
1953-08-18,0.453125,24
1953-08-19,0.5625,24
1953-08-20,0.5416666666666666,24
1953-08-21,0.3333333333333333,24
1953-08-22,0.4427083333333333,24
1953-08-23,0.40625,24
1953-08-24,0.4114583333333333,24
1953-08-25,0.25,24
1953-08-26,0.3333333333333333,24
1953-08-27,0.4635416666666667,24
1953-08-28,0.5104166666666666,24
1953-08-29,0.4375,24
1953-08-30,0.6041666666666666,24
1953-08-31,0.234375,24
1953-09-01,0.3541666666666667,24
1953-09-02,0.9270833333333334,24
1953-09-03,1.0,24
1953-09-04,0.9947916666666666,24
1953-09-05,0.8020833333333334,24
1953-09-06,0.640625,24
1953-09-07,0.0,24
1953-09-08,0.005208333333333333,24
1953-09-09,0.19270833333333334,24
1953-09-10,0.59375,24
1953-09-11,0.546875,24
1953-09-12,0.625,24
1953-09-13,0.2708333333333333,24
1953-09-14,0.5572916666666666,24
1953-09-15,0.5833333333333334,24
1953-09-16,0.6458333333333334,24
1953-09-17,0.9166666666666666,24
1953-09-18,0.734375,24
1953-09-19,0.0,24
1953-09-20,0.21354166666666666,24
1953-09-21,0.2552083333333333,24
1953-09-22,0.020833333333333332,24
1953-09-23,0.005208333333333333,24
1953-09-24,0.109375,24
1953-09-25,0.6927083333333334,24
1953-09-26,0.75,24
1953-09-27,0.828125,24
1953-09-28,0.06770833333333333,24
1953-09-29,0.515625,24
1953-09-30,0.875,24
1953-10-01,0.7604166666666666,24
1953-10-02,0.7395833333333334,24
1953-10-03,0.34375,24
1953-10-04,0.0625,24
1953-10-05,0.10416666666666667,24
1953-10-06,0.036458333333333336,24
1953-10-07,0.140625,24
1953-10-08,0.0,24
1953-10-09,0.0,24
1953-10-10,0.22916666666666666,24
1953-10-11,0.484375,24
1953-10-12,0.8020833333333334,24
1953-10-13,0.6145833333333334,24
1953-10-14,0.34375,24
1953-10-15,0.18229166666666666,24
1953-10-16,0.3958333333333333,24
1953-10-17,0.6822916666666666,24
1953-10-18,0.3072916666666667,24
1953-10-19,0.3541666666666667,24
1953-10-20,0.0,24
1953-10-21,0.03125,24
1953-10-22,0.578125,24
1953-10-23,0.375,24
1953-10-24,0.0,24
1953-10-25,0.026041666666666668,24
1953-10-26,0.0,24
1953-10-27,0.005208333333333333,24
1953-10-28,0.0,24
1953-10-29,0.0,24
1953-10-30,0.53125,24
1953-10-31,0.2916666666666667,24
1953-11-01,0.7239583333333334,24
1953-11-02,0.9635416666666666,24
1953-11-03,0.6875,24
1953-11-04,0.6614583333333334,24
1953-11-05,0.890625,24
1953-11-06,0.3854166666666667,24
1953-11-07,0.015625,24
1953-11-08,0.0,24
1953-11-09,0.3645833333333333,24
1953-11-10,0.8697916666666666,24
1953-11-11,0.18229166666666666,24
1953-11-12,0.5520833333333334,24
1953-11-13,0.6770833333333334,24
1953-11-14,0.875,24
1953-11-15,0.7083333333333334,24
1953-11-16,0.0,24
1953-11-17,0.6041666666666666,24
1953-11-18,0.15104166666666666,24
1953-11-19,0.0,24
1953-11-20,0.4739583333333333,24
1953-11-21,0.140625,24
1953-11-22,0.265625,24
1953-11-23,0.10416666666666667,24
1953-11-24,0.0,24
1953-11-25,0.052083333333333336,24
1953-11-26,0.3541666666666667,24
1953-11-27,0.7864583333333334,24
1953-11-28,0.265625,24
1953-11-29,0.015625,24
1953-11-30,0.22395833333333334,24
1953-12-01,0.8645833333333334,24
1953-12-02,0.4739583333333333,24
1953-12-03,0.4322916666666667,24
1953-12-04,0.609375,24
1953-12-05,0.0,24
1953-12-06,0.0,24
1953-12-07,0.15625,24
1953-12-08,0.328125,24
1953-12-09,0.0625,24
1953-12-10,0.07291666666666667,24
1953-12-11,0.052083333333333336,24
1953-12-12,0.06770833333333333,24
1953-12-13,0.026041666666666668,24
1953-12-14,0.0,24
1953-12-15,0.3072916666666667,24
1953-12-16,0.7395833333333334,24
1953-12-17,0.3541666666666667,24
1953-12-18,0.5416666666666666,24
1953-12-19,0.3645833333333333,24
1953-12-20,0.2760416666666667,24
1953-12-21,0.2604166666666667,24
1953-12-22,0.0,24
1953-12-23,0.0,24
1953-12-24,0.046875,24
1953-12-25,0.03125,24
1953-12-26,0.0,24
1953-12-27,0.3958333333333333,24
1953-12-28,0.010416666666666666,24
1953-12-29,0.0,24
1953-12-30,0.0,24
1953-12-31,0.0,24
1954-01-01,0.09375,24
1954-01-02,0.2708333333333333,24
1954-01-03,0.2708333333333333,24
1954-01-04,0.0,24
1954-01-05,0.020833333333333332,24
1954-01-06,0.6041666666666666,24
1954-01-07,0.6770833333333334,24
1954-01-08,0.6510416666666666,24
1954-01-09,0.25,24
1954-01-10,0.06770833333333333,24
1954-01-11,0.375,24
1954-01-12,0.90625,24
1954-01-13,0.7708333333333334,24
1954-01-14,0.036458333333333336,24
1954-01-15,0.3333333333333333,24
1954-01-16,0.4635416666666667,24
1954-01-17,0.5364583333333334,24
1954-01-18,0.859375,24
1954-01-19,0.9947916666666666,24
1954-01-20,0.9479166666666666,24
1954-01-21,0.5208333333333334,24
1954-01-22,0.19791666666666666,24
1954-01-23,0.3958333333333333,24
1954-01-24,0.9947916666666666,24
1954-01-25,1.0,24
1954-01-26,0.4895833333333333,24
1954-01-27,0.3020833333333333,24
1954-01-28,0.4375,24
1954-01-29,0.6979166666666666,24
1954-01-30,0.7916666666666666,24
1954-01-31,0.5,24
1954-02-01,0.5989583333333334,24
1954-02-02,0.22916666666666666,24
1954-02-03,0.0,24
1954-02-04,0.0,24
1954-02-05,0.21354166666666666,24
1954-02-06,0.53125,24
1954-02-07,0.13541666666666666,24
1954-02-08,0.2864583333333333,24
1954-02-09,0.375,24
1954-02-10,0.671875,24
1954-02-11,0.4583333333333333,24
1954-02-12,0.5416666666666666,24
1954-02-13,0.9583333333333334,24
1954-02-14,0.8854166666666666,24
1954-02-15,0.234375,24
1954-02-16,0.2864583333333333,24
1954-02-17,0.140625,24
1954-02-18,0.6614583333333334,24
1954-02-19,0.08854166666666667,24
1954-02-20,0.0,24
1954-02-21,0.234375,24
1954-02-22,0.10416666666666667,24
1954-02-23,0.0,24
1954-02-24,0.0,24
1954-02-25,0.0,24
1954-02-26,0.9635416666666666,24
1954-02-27,0.75,24
1954-02-28,0.28125,24
1954-03-01,0.9166666666666666,24
1954-03-02,0.8333333333333334,24
1954-03-03,0.6458333333333334,24
1954-03-04,0.3020833333333333,24
1954-03-05,0.921875,24
1954-03-06,0.6770833333333334,24
1954-03-07,0.6354166666666666,24
1954-03-08,0.8958333333333334,24
1954-03-09,0.6927083333333334,24
1954-03-10,0.953125,24
1954-03-11,0.5104166666666666,24
1954-03-12,0.2864583333333333,24
1954-03-13,0.0625,24
1954-03-14,0.0,24
1954-03-15,0.15625,24
1954-03-16,0.265625,24
1954-03-17,0.7604166666666666,24
1954-03-18,0.515625,24
1954-03-19,0.828125,24
1954-03-20,1.0,24
1954-03-21,1.0,24
1954-03-22,1.0,24
1954-03-23,0.9270833333333334,24
1954-03-24,0.8802083333333334,24
1954-03-25,0.8125,24
1954-03-26,0.06770833333333333,24
1954-03-27,0.0,24
1954-03-28,0.5677083333333334,24
1954-03-29,0.875,24
1954-03-30,0.7239583333333334,24
1954-03-31,0.18229166666666666,24
1954-04-01,0.4322916666666667,24
1954-04-02,0.4739583333333333,24
1954-04-03,0.5729166666666666,24
1954-04-04,0.2864583333333333,24
1954-04-05,0.453125,24
1954-04-06,0.6875,24
1954-04-07,0.2552083333333333,24
1954-04-08,0.13020833333333334,24
1954-04-09,0.5364583333333334,24
1954-04-10,0.6979166666666666,24
1954-04-11,0.6197916666666666,24
1954-04-12,0.5833333333333334,24
1954-04-13,0.7239583333333334,24
1954-04-14,1.0,24
1954-04-15,0.765625,24
1954-04-16,0.75,24
1954-04-17,0.6770833333333334,24
1954-04-18,0.8229166666666666,24
1954-04-19,0.78125,24
1954-04-20,1.0,24
1954-04-21,0.984375,24
1954-04-22,1.0,24
1954-04-23,1.0,24
1954-04-24,0.9947916666666666,24
1954-04-25,0.8177083333333334,24
1954-04-26,0.4947916666666667,24
1954-04-27,0.7135416666666666,24
1954-04-28,0.875,24
1954-04-29,0.765625,24
1954-04-30,0.9947916666666666,24
1954-05-01,0.5989583333333334,24
1954-05-02,0.0,24
1954-05-03,0.0,24
1954-05-04,0.15104166666666666,24
1954-05-05,0.4375,24
1954-05-06,0.6510416666666666,24
1954-05-07,0.9427083333333334,24
1954-05-08,1.0,24
1954-05-09,0.5989583333333334,24
1954-05-10,0.625,24
1954-05-11,0.7135416666666666,24
1954-05-12,0.984375,24
1954-05-13,0.8854166666666666,24
1954-05-14,0.9114583333333334,24
1954-05-15,1.0,24
1954-05-16,0.9166666666666666,24
1954-05-17,0.8020833333333334,24
1954-05-18,1.0,24
1954-05-19,0.7916666666666666,24
1954-05-20,0.6822916666666666,24
1954-05-21,0.9895833333333334,24
1954-05-22,0.7135416666666666,24
1954-05-23,0.6510416666666666,24
1954-05-24,0.8125,24
1954-05-25,0.8489583333333334,24
1954-05-26,0.7291666666666666,24
1954-05-27,0.671875,24
1954-05-28,0.8958333333333334,24
1954-05-29,0.84375,24
1954-05-30,0.7447916666666666,24
1954-05-31,0.2708333333333333,24
1954-06-01,0.5364583333333334,24
1954-06-02,0.9270833333333334,24
1954-06-03,0.9739583333333334,24
1954-06-04,0.859375,24
1954-06-05,0.421875,24
1954-06-06,0.11979166666666667,24
1954-06-07,0.0,24
1954-06-08,0.46875,24
1954-06-09,0.78125,24
1954-06-10,0.24479166666666666,24
1954-06-11,0.026041666666666668,24
1954-06-12,0.5520833333333334,24
1954-06-13,0.859375,24
1954-06-14,0.10416666666666667,24
1954-06-15,0.7864583333333334,24
1954-06-16,1.0,24
1954-06-17,0.9427083333333334,24
1954-06-18,0.7916666666666666,24
1954-06-19,0.7083333333333334,24
1954-06-20,0.71875,24
1954-06-21,0.8333333333333334,24
1954-06-22,0.8854166666666666,24
1954-06-23,0.859375,24
1954-06-24,0.9791666666666666,24
1954-06-25,0.9739583333333334,24
1954-06-26,0.984375,24
1954-06-27,0.7916666666666666,24
1954-06-28,0.4635416666666667,24
1954-06-29,0.6302083333333334,24
1954-06-30,0.6354166666666666,24
1954-07-01,0.6145833333333334,24
1954-07-02,0.4583333333333333,24
1954-07-03,0.546875,24
1954-07-04,0.6927083333333334,24
1954-07-05,0.46875,24
1954-07-06,0.16666666666666666,24
1954-07-07,0.0,24
1954-07-08,0.0,24
1954-07-09,0.5989583333333334,24
1954-07-10,0.5625,24
1954-07-11,0.3854166666666667,24
1954-07-12,0.4635416666666667,24
1954-07-13,0.6875,24
1954-07-14,0.203125,24
1954-07-15,0.2760416666666667,24
1954-07-16,0.6927083333333334,24
1954-07-17,0.19270833333333334,24
1954-07-18,0.5572916666666666,24
1954-07-19,0.75,24
1954-07-20,0.765625,24
1954-07-21,0.9166666666666666,24
1954-07-22,0.9635416666666666,24
1954-07-23,0.9583333333333334,24
1954-07-24,0.9947916666666666,24
1954-07-25,0.8020833333333334,24
1954-07-26,0.3645833333333333,24
1954-07-27,0.020833333333333332,24
1954-07-28,0.484375,24
1954-07-29,0.6041666666666666,24
1954-07-30,0.6770833333333334,24
1954-07-31,0.953125,24
1954-08-01,1.0,24
1954-08-02,0.5364583333333334,24
1954-08-03,0.6770833333333334,24
1954-08-04,0.7552083333333334,24
1954-08-05,0.7760416666666666,24
1954-08-06,0.46875,24
1954-08-07,0.65625,24
1954-08-08,0.640625,24
1954-08-09,0.6510416666666666,24
1954-08-10,0.6979166666666666,24
1954-08-11,0.7239583333333334,24
1954-08-12,0.828125,24
1954-08-13,0.765625,24
1954-08-14,0.22916666666666666,24
1954-08-15,0.2708333333333333,24
1954-08-16,0.390625,24
1954-08-17,0.3541666666666667,24
1954-08-18,0.4375,24
1954-08-19,0.5885416666666666,24
1954-08-20,0.3854166666666667,24
1954-08-21,0.796875,24
1954-08-22,0.765625,24
1954-08-23,0.796875,24
1954-08-24,0.6666666666666666,24
1954-08-25,0.5625,24
1954-08-26,0.4479166666666667,24
1954-08-27,0.40625,24
1954-08-28,0.4427083333333333,24
1954-08-29,0.0,24
1954-08-30,0.08333333333333333,24
1954-08-31,0.041666666666666664,24
1954-09-01,0.3125,24
1954-09-02,0.020833333333333332,24
1954-09-03,0.6770833333333334,24
1954-09-04,0.8177083333333334,24
1954-09-05,0.6614583333333334,24
1954-09-06,0.5364583333333334,24
1954-09-07,0.4322916666666667,24
1954-09-08,0.3854166666666667,24
1954-09-09,0.546875,24
1954-09-10,0.5543478260869565,23
1954-09-11,0.5260416666666666,24
1954-09-12,0.5625,24
1954-09-13,0.2708333333333333,24
1954-09-14,0.3697916666666667,24
1954-09-15,0.08854166666666667,24
1954-09-16,0.4270833333333333,24
1954-09-17,0.06770833333333333,24
1954-09-18,0.0,24
1954-09-19,0.015625,24
1954-09-20,0.16666666666666666,24
1954-09-21,0.16145833333333334,24
1954-09-22,0.17708333333333334,24
1954-09-23,0.2708333333333333,24
1954-09-24,0.484375,24
1954-09-25,0.011363636363636364,22
1954-09-26,0.08854166666666667,24
1954-09-27,0.16666666666666666,24
1954-09-28,0.7447916666666666,24
1954-09-29,0.7916666666666666,24
1954-09-30,0.3229166666666667,24
1954-10-01,0.6145833333333334,24
1954-10-02,0.7447916666666666,24
1954-10-03,0.8072916666666666,24
1954-10-04,0.3385416666666667,24
1954-10-05,0.9739583333333334,24
1954-10-06,0.9322916666666666,24
1954-10-07,0.703125,24
1954-10-08,0.3385416666666667,24
1954-10-09,0.5625,24
1954-10-10,0.6510416666666666,24
1954-10-11,0.8125,24
1954-10-12,0.8072916666666666,24
1954-10-13,0.78125,24
1954-10-14,0.46875,24
1954-10-15,0.6666666666666666,24
1954-10-16,0.3802083333333333,24
1954-10-17,0.09375,24
1954-10-18,0.041666666666666664,24
1954-10-19,0.026041666666666668,24
1954-10-20,0.08333333333333333,24
1954-10-21,0.7864583333333334,24
1954-10-22,0.6302083333333334,24
1954-10-23,0.8697916666666666,24
1954-10-24,0.6145833333333334,24
1954-10-25,0.03125,24
1954-10-26,0.0,24
1954-10-27,0.078125,24
1954-10-28,0.015625,24
1954-10-29,0.2864583333333333,24
1954-10-30,0.0,24
1954-10-31,0.23958333333333334,24
1954-11-01,0.40625,24
1954-11-02,0.4583333333333333,24
1954-11-03,0.59375,24
1954-11-04,0.0,24
1954-11-05,0.0,24
1954-11-06,0.0,24
1954-11-07,0.2916666666666667,24
1954-11-08,0.390625,24
1954-11-09,0.078125,24
1954-11-10,0.8229166666666666,24
1954-11-11,0.921875,24
1954-11-12,0.546875,24
1954-11-13,0.3645833333333333,24
1954-11-14,0.08333333333333333,24
1954-11-15,0.4479166666666667,24
1954-11-16,0.546875,24
1954-11-17,0.0,24
1954-11-18,0.0,24
1954-11-19,0.0,24
1954-11-20,0.0,24
1954-11-21,0.2708333333333333,24
1954-11-22,0.171875,24
1954-11-23,0.0,24
1954-11-24,0.06770833333333333,24
1954-11-25,0.6510416666666666,24
1954-11-26,0.7083333333333334,24
1954-11-27,0.8333333333333334,24
1954-11-28,0.6770833333333334,24
1954-11-29,0.90625,24
1954-11-30,0.234375,24
1954-12-01,0.5572916666666666,24
1954-12-02,0.9010416666666666,24
1954-12-03,1.0,24
1954-12-04,0.5364583333333334,24
1954-12-05,0.3489583333333333,24
1954-12-06,0.6145833333333334,24
1954-12-07,0.8125,24
1954-12-08,0.5052083333333334,24
1954-12-09,0.9739583333333334,24
1954-12-10,0.7239583333333334,24
1954-12-11,0.19270833333333334,24
1954-12-12,0.109375,24
1954-12-13,0.4583333333333333,24
1954-12-14,0.3125,24
1954-12-15,0.8333333333333334,24
1954-12-16,0.3541666666666667,24
1954-12-17,0.2916666666666667,24
1954-12-18,0.3125,24
1954-12-19,0.03125,24
1954-12-20,0.5,24
1954-12-21,0.2604166666666667,24
1954-12-22,0.08333333333333333,24
1954-12-23,0.046875,24
1954-12-24,0.11979166666666667,24
1954-12-25,0.5625,24
1954-12-26,0.4166666666666667,24
1954-12-27,0.0,24
1954-12-28,0.1875,24
1954-12-29,0.21354166666666666,24
1954-12-30,0.19270833333333334,24
1954-12-31,0.3802083333333333,24
1955-01-01,0.8072916666666666,24
1955-01-02,0.9322916666666666,24
1955-01-03,0.7239583333333334,24
1955-01-04,0.3645833333333333,24
1955-01-05,0.390625,24
1955-01-06,0.890625,24
1955-01-07,0.6614583333333334,24
1955-01-08,0.7291666666666666,24
1955-01-09,0.078125,24
1955-01-10,0.84375,24
1955-01-11,0.5208333333333334,24
1955-01-12,0.010416666666666666,24
1955-01-13,0.0,24
1955-01-14,0.010416666666666666,24
1955-01-15,0.5989583333333334,24
1955-01-16,0.9791666666666666,24
1955-01-17,0.265625,24
1955-01-18,0.875,24
1955-01-19,0.7552083333333334,24
1955-01-20,0.328125,24
1955-01-21,0.08854166666666667,24
1955-01-22,0.026041666666666668,24
1955-01-23,0.2604166666666667,24
1955-01-24,0.15625,24
1955-01-25,0.8177083333333334,24
1955-01-26,0.6197916666666666,24
1955-01-27,0.4322916666666667,24
1955-01-28,0.041666666666666664,24
1955-01-29,0.296875,24
1955-01-30,0.546875,24
1955-01-31,0.6458333333333334,24
1955-02-01,0.5729166666666666,24
1955-02-02,0.3229166666666667,24
1955-02-03,0.0,24
1955-02-04,0.0,24
1955-02-05,0.2864583333333333,24
1955-02-06,0.020833333333333332,24
1955-02-07,0.0,24
1955-02-08,0.005208333333333333,24
1955-02-09,0.0,24
1955-02-10,0.6822916666666666,24
1955-02-11,0.24479166666666666,24
1955-02-12,0.5208333333333334,24
1955-02-13,0.125,24
1955-02-14,0.7708333333333334,24
1955-02-15,0.5364583333333334,24
1955-02-16,0.9895833333333334,24
1955-02-17,0.9791666666666666,24
1955-02-18,0.8958333333333334,24
1955-02-19,0.0,24
1955-02-20,0.0,24
1955-02-21,0.10416666666666667,24
1955-02-22,0.09375,24
1955-02-23,0.03125,24
1955-02-24,0.4375,24
1955-02-25,0.7135416666666666,24
1955-02-26,0.703125,24
1955-02-27,0.8802083333333334,24
1955-02-28,0.5208333333333334,24
1955-03-01,0.015625,24
1955-03-02,0.375,24
1955-03-03,0.8072916666666666,24
1955-03-04,0.578125,24
1955-03-05,0.53125,24
1955-03-06,0.4739583333333333,24
1955-03-07,0.08854166666666667,24
1955-03-08,0.3229166666666667,24
1955-03-09,0.3958333333333333,24
1955-03-10,0.9114583333333334,24
1955-03-11,0.78125,24
1955-03-12,0.2708333333333333,24
1955-03-13,0.7083333333333334,24
1955-03-14,0.7447916666666666,24
1955-03-15,0.65625,24
1955-03-16,0.4479166666666667,24
1955-03-17,0.046875,24
1955-03-18,0.041666666666666664,24
1955-03-19,0.06770833333333333,24
1955-03-20,0.640625,24
1955-03-21,0.0,24
1955-03-22,0.0,24
1955-03-23,0.0,24
1955-03-24,0.0,24
1955-03-25,0.015625,24
1955-03-26,0.546875,24
1955-03-27,0.7083333333333334,24
1955-03-28,0.7083333333333334,24
1955-03-29,0.359375,24
1955-03-30,0.4895833333333333,24
1955-03-31,0.03125,24
1955-04-01,0.020833333333333332,24
1955-04-02,0.4739583333333333,24
1955-04-03,0.026041666666666668,24
1955-04-04,0.22916666666666666,24
1955-04-05,0.078125,24
1955-04-06,0.0,24
1955-04-07,0.0,24
1955-04-08,0.2552083333333333,24
1955-04-09,0.4322916666666667,24
1955-04-10,0.421875,24
1955-04-11,0.2760416666666667,24
1955-04-12,0.015625,24
1955-04-13,0.026041666666666668,24
1955-04-14,0.3072916666666667,24
1955-04-15,0.2760416666666667,24
1955-04-16,0.4791666666666667,24
1955-04-17,0.5,24
1955-04-18,0.59375,24
1955-04-19,0.078125,24
1955-04-20,0.0,24
1955-04-21,0.46875,24
1955-04-22,0.875,23
1955-04-23,0.390625,24
1955-04-24,0.5677083333333334,24
1955-04-25,0.8125,24
1955-04-26,0.8020833333333334,24
1955-04-27,0.06770833333333333,24
1955-04-28,0.057291666666666664,24
1955-04-29,0.4791666666666667,24
1955-04-30,0.7447916666666666,24
1955-05-01,0.8229166666666666,24
1955-05-02,0.875,24
1955-05-03,0.005208333333333333,24
1955-05-04,0.7083333333333334,24
1955-05-05,0.9114583333333334,24
1955-05-06,0.3645833333333333,24
1955-05-07,0.578125,24
1955-05-08,0.6145833333333334,24
1955-05-09,0.5052083333333334,24
1955-05-10,0.6875,24
1955-05-11,0.7864583333333334,24
1955-05-12,0.8177083333333334,24
1955-05-13,0.984375,24
1955-05-14,0.9010416666666666,24
1955-05-15,0.2708333333333333,24
1955-05-16,0.109375,24
1955-05-17,0.3645833333333333,24
1955-05-18,0.041666666666666664,24
1955-05-19,0.234375,24
1955-05-20,0.5833333333333334,24
1955-05-21,0.9375,24
1955-05-22,0.9791666666666666,24
1955-05-23,0.9427083333333334,24
1955-05-24,0.96875,24
1955-05-25,0.9166666666666666,24
1955-05-26,0.78125,24
1955-05-27,0.625,24
1955-05-28,0.265625,24
1955-05-29,0.7604166666666666,24
1955-05-30,1.0,24
1955-05-31,0.9895833333333334,24
1955-06-01,0.5729166666666666,24
1955-06-02,0.4791666666666667,24
1955-06-03,0.0625,24
1955-06-04,0.3958333333333333,24
1955-06-05,0.6302083333333334,24
1955-06-06,0.78125,24
1955-06-07,0.7916666666666666,24
1955-06-08,0.9739583333333334,24
1955-06-09,0.9739583333333334,24
1955-06-10,1.0,24
1955-06-11,0.75,24
1955-06-12,0.609375,24
1955-06-13,0.796875,24
1955-06-14,0.6458333333333334,24
1955-06-15,0.7395833333333334,24
1955-06-16,0.4947916666666667,24
1955-06-17,0.40625,24
1955-06-18,0.3489583333333333,24
1955-06-19,0.4375,24
1955-06-20,0.4270833333333333,24
1955-06-21,0.5052083333333334,24
1955-06-22,0.5104166666666666,24
1955-06-23,0.296875,24
1955-06-24,0.546875,24
1955-06-25,0.8385416666666666,24
1955-06-26,0.8333333333333334,24
1955-06-27,0.5677083333333334,24
1955-06-28,0.640625,24
1955-06-29,0.9895833333333334,24
1955-06-30,0.6979166666666666,24
1955-07-01,0.7447916666666666,24
1955-07-02,0.828125,24
1955-07-03,1.0,24
1955-07-04,0.6979166666666666,24
1955-07-05,0.4114583333333333,24
1955-07-06,0.3333333333333333,24
1955-07-07,0.2708333333333333,24
1955-07-08,0.4635416666666667,24
1955-07-09,0.5364583333333334,24
1955-07-10,0.6770833333333334,24
1955-07-11,0.9791666666666666,24
1955-07-12,0.8072916666666666,24
1955-07-13,0.78125,24
1955-07-14,0.2864583333333333,24
1955-07-15,0.2552083333333333,24
1955-07-16,0.3541666666666667,24
1955-07-17,0.4635416666666667,24
1955-07-18,0.734375,24
1955-07-19,0.9635416666666666,24
1955-07-20,0.375,24
1955-07-21,0.421875,24
1955-07-22,0.5885416666666666,24
1955-07-23,0.6822916666666666,24
1955-07-24,0.8385416666666666,24
1955-07-25,0.796875,24
1955-07-26,0.6145833333333334,24
1955-07-27,0.5729166666666666,24
1955-07-28,0.4166666666666667,24
1955-07-29,0.5625,24
1955-07-30,0.6354166666666666,24
1955-07-31,0.734375,24
1955-08-01,0.5104166666666666,24
1955-08-02,0.4270833333333333,24
1955-08-03,0.7135416666666666,24
1955-08-04,0.6875,24
1955-08-05,0.17708333333333334,24
1955-08-06,0.11979166666666667,24
1955-08-07,0.703125,24
1955-08-08,0.40625,24
1955-08-09,0.328125,24
1955-08-10,0.15625,24
1955-08-11,0.7083333333333334,24
1955-08-12,0.984375,24
1955-08-13,0.734375,24
1955-08-14,0.125,24
1955-08-15,0.5520833333333334,24
1955-08-16,0.4479166666666667,24
1955-08-17,0.390625,24
1955-08-18,0.4791666666666667,24
1955-08-19,0.005208333333333333,24
1955-08-20,0.22916666666666666,24
1955-08-21,0.2864583333333333,24
1955-08-22,0.21875,24
1955-08-23,0.6979166666666666,24
1955-08-24,0.8802083333333334,24
1955-08-25,0.5572916666666666,24
1955-08-26,0.25,24
1955-08-27,0.0,24
1955-08-28,0.328125,24
1955-08-29,0.390625,24
1955-08-30,0.4791666666666667,24
1955-08-31,0.6354166666666666,24
1955-09-01,0.140625,24
1955-09-02,0.026041666666666668,24
1955-09-03,0.0,24
1955-09-04,0.026041666666666668,24
1955-09-05,0.046875,24
1955-09-06,0.0,24
1955-09-07,0.078125,24
1955-09-08,0.25,24
1955-09-09,0.8229166666666666,24
1955-09-10,0.5572916666666666,24
1955-09-11,0.296875,24
1955-09-12,0.21354166666666666,24
1955-09-13,0.010416666666666666,24
1955-09-14,0.07291666666666667,24
1955-09-15,0.2864583333333333,24
1955-09-16,0.328125,24
1955-09-17,0.8854166666666666,24
1955-09-18,0.7552083333333334,24
1955-09-19,0.15625,24
1955-09-20,0.4583333333333333,24
1955-09-21,0.7395833333333334,24
1955-09-22,0.953125,24
1955-09-23,0.9947916666666666,24
1955-09-24,0.8958333333333334,24
1955-09-25,0.5989583333333334,24
1955-09-26,0.8125,24
1955-09-27,0.671875,24
1955-09-28,0.78125,24
1955-09-29,0.6354166666666666,24
1955-09-30,0.6302083333333334,24
1955-10-01,0.6041666666666666,24
1955-10-02,0.4583333333333333,24
1955-10-03,0.765625,24
1955-10-04,0.7395833333333334,24
1955-10-05,0.5520833333333334,24
1955-10-06,0.0,24
1955-10-07,0.4114583333333333,24
1955-10-08,0.7708333333333334,24
1955-10-09,0.7239583333333334,24
1955-10-10,0.9947916666666666,24
1955-10-11,0.7604166666666666,24
1955-10-12,0.5052083333333334,24
1955-10-13,0.9114583333333334,24
1955-10-14,0.984375,24
1955-10-15,0.890625,24
1955-10-16,0.9270833333333334,24
1955-10-17,1.0,24
1955-10-18,0.9895833333333334,24
1955-10-19,0.90625,24
1955-10-20,0.7760416666666666,24
1955-10-21,0.71875,24
1955-10-22,0.7760416666666666,24
1955-10-23,0.578125,24
1955-10-24,0.8333333333333334,24
1955-10-25,0.75,24
1955-10-26,0.6875,24
1955-10-27,0.59375,24
1955-10-28,0.0,24
1955-10-29,0.0,24
1955-10-30,0.010416666666666666,24
1955-10-31,0.9427083333333334,24
1955-11-01,0.796875,24
1955-11-02,0.5989583333333334,24
1955-11-03,0.2552083333333333,24
1955-11-04,0.3072916666666667,24
1955-11-05,0.07291666666666667,24
1955-11-06,0.390625,24
1955-11-07,0.09375,24
1955-11-08,0.036458333333333336,24
1955-11-09,0.19270833333333334,24
1955-11-10,0.234375,24
1955-11-11,0.96875,24
1955-11-12,0.9791666666666666,24
1955-11-13,0.7083333333333334,24
1955-11-14,0.8645833333333334,24
1955-11-15,0.4739583333333333,24
1955-11-16,0.22395833333333334,24
1955-11-17,0.953125,24
1955-11-18,0.20833333333333334,24
1955-11-19,0.015625,24
1955-11-20,0.65625,24
1955-11-21,0.8489583333333334,24
1955-11-22,0.25,24
1955-11-23,0.09375,24
1955-11-24,0.020833333333333332,24
1955-11-25,0.6770833333333334,24
1955-11-26,0.2604166666666667,24
1955-11-27,0.0,24
1955-11-28,0.46875,24
1955-11-29,0.9427083333333334,24
1955-11-30,1.0,24
1955-12-01,1.0,24
1955-12-02,0.828125,24
1955-12-03,0.5572916666666666,24
1955-12-04,0.8697916666666666,24
1955-12-05,1.0,24
1955-12-06,0.953125,24
1955-12-07,0.78125,24
1955-12-08,0.3697916666666667,24
1955-12-09,0.46875,24
1955-12-10,0.7135416666666666,24
1955-12-11,0.13020833333333334,24
1955-12-12,0.0,24
1955-12-13,0.19791666666666666,24
1955-12-14,0.5729166666666666,24
1955-12-15,0.75,24
1955-12-16,0.7291666666666666,24
1955-12-17,0.7447916666666666,24
1955-12-18,0.8177083333333334,24
1955-12-19,0.7083333333333334,24
1955-12-20,0.4479166666666667,24
1955-12-21,0.828125,24
1955-12-22,0.9270833333333334,24
1955-12-23,0.7447916666666666,24
1955-12-24,0.8177083333333334,24
1955-12-25,0.7708333333333334,24
1955-12-26,0.875,24
1955-12-27,0.96875,24
1955-12-28,0.7291666666666666,24
1955-12-29,0.6927083333333334,24
1955-12-30,0.375,24
1955-12-31,0.005208333333333333,24
1956-01-01,0.11458333333333333,24
1956-01-02,0.08854166666666667,24
1956-01-03,0.23958333333333334,24
1956-01-04,0.421875,24
1956-01-05,0.5625,24
1956-01-06,0.6145833333333334,24
1956-01-07,0.8229166666666666,24
1956-01-08,0.5572916666666666,24
1956-01-09,0.21354166666666666,24
1956-01-10,0.7708333333333334,24
1956-01-11,0.8802083333333334,24
1956-01-12,0.5416666666666666,24
1956-01-13,0.8697916666666666,24
1956-01-14,0.9947916666666666,24
1956-01-15,0.9947916666666666,24
1956-01-16,0.9947916666666666,24
1956-01-17,0.24479166666666666,24
1956-01-18,0.20833333333333334,24
1956-01-19,0.5104166666666666,24
1956-01-20,1.0,24
1956-01-21,0.8854166666666666,24
1956-01-22,0.640625,24
1956-01-23,1.0,24
1956-01-24,0.84375,24
1956-01-25,0.6302083333333334,24
1956-01-26,1.0,24
1956-01-27,1.0,24
1956-01-28,0.8229166666666666,24
1956-01-29,0.71875,24
1956-01-30,0.4375,24
1956-01-31,0.9270833333333334,24
1956-02-01,0.375,24
1956-02-02,0.0,24
1956-02-03,0.0,24
1956-02-04,0.0,24
1956-02-05,0.6302083333333334,24
1956-02-06,0.5520833333333334,24
1956-02-07,0.041666666666666664,24
1956-02-08,0.20833333333333334,24
1956-02-09,0.0,24
1956-02-10,0.0,24
1956-02-11,0.0,24
1956-02-12,0.7708333333333334,24
1956-02-13,0.9635416666666666,24
1956-02-14,0.984375,24
1956-02-15,0.953125,24
1956-02-16,0.78125,24
1956-02-17,0.03125,24
1956-02-18,0.4479166666666667,24
1956-02-19,0.40625,24
1956-02-20,0.4010416666666667,24
1956-02-21,0.5729166666666666,24
1956-02-22,0.5677083333333334,24
1956-02-23,0.9895833333333334,24
1956-02-24,0.8072916666666666,24
1956-02-25,0.2864583333333333,24
1956-02-26,0.5677083333333334,24
1956-02-27,0.0,24
1956-02-28,0.057291666666666664,24
1956-02-29,0.1875,24
1956-03-01,0.08333333333333333,24
1956-03-02,0.0,24
1956-03-03,0.3645833333333333,24
1956-03-04,0.5572916666666666,24
1956-03-05,0.828125,24
1956-03-06,0.5,24
1956-03-07,0.3177083333333333,24
1956-03-08,0.28125,24
1956-03-09,0.046875,24
1956-03-10,0.5364583333333334,24
1956-03-11,0.8489583333333334,24
1956-03-12,0.140625,24
1956-03-13,0.0,24
1956-03-14,0.3333333333333333,24
1956-03-15,0.0,24
1956-03-16,0.3541666666666667,24
1956-03-17,0.7916666666666666,24
1956-03-18,0.3541666666666667,24
1956-03-19,0.75,24
1956-03-20,0.265625,24
1956-03-21,0.3958333333333333,24
1956-03-22,0.5885416666666666,24
1956-03-23,0.109375,24
1956-03-24,0.5989583333333334,24
1956-03-25,0.875,24
1956-03-26,0.6302083333333334,24
1956-03-27,0.5520833333333334,24
1956-03-28,0.2760416666666667,24
1956-03-29,0.3489583333333333,24
1956-03-30,0.4739583333333333,24
1956-03-31,0.8541666666666666,24
1956-04-01,0.7760416666666666,24
1956-04-02,0.5364583333333334,24
1956-04-03,0.5677083333333334,24
1956-04-04,0.03125,24
1956-04-05,0.28125,24
1956-04-06,0.3385416666666667,24
1956-04-07,0.5520833333333334,24
1956-04-08,0.8072916666666666,24
1956-04-09,0.9791666666666666,24
1956-04-10,0.9947916666666666,24
1956-04-11,0.578125,24
1956-04-12,0.71875,24
1956-04-13,0.765625,24
1956-04-14,0.5208333333333334,24
1956-04-15,0.5833333333333334,24
1956-04-16,0.7604166666666666,24
1956-04-17,0.9895833333333334,24
1956-04-18,1.0,24
1956-04-19,0.5677083333333334,24
1956-04-20,0.390625,24
1956-04-21,0.6614583333333334,24
1956-04-22,0.6822916666666666,24
1956-04-23,0.9427083333333334,24
1956-04-24,0.7604166666666666,24
1956-04-25,0.5989583333333334,24
1956-04-26,0.734375,24
1956-04-27,0.6927083333333334,24
1956-04-28,0.4010416666666667,24
1956-04-29,0.65625,24
1956-04-30,0.8125,24
1956-05-01,0.921875,24
1956-05-02,0.7395833333333334,24
1956-05-03,1.0,24
1956-05-04,0.4375,24
1956-05-05,0.6614583333333334,24
1956-05-06,0.6822916666666666,24
1956-05-07,0.3385416666666667,24
1956-05-08,0.3958333333333333,24
1956-05-09,0.875,24
1956-05-10,0.6354166666666666,24
1956-05-11,0.6354166666666666,24
1956-05-12,0.53125,24
1956-05-13,0.052083333333333336,24
1956-05-14,0.0,24
1956-05-15,0.0,24
1956-05-16,0.09375,24
1956-05-17,0.9270833333333334,24
1956-05-18,0.16666666666666666,24
1956-05-19,0.328125,24
1956-05-20,0.2916666666666667,24
1956-05-21,0.4166666666666667,24
1956-05-22,0.9583333333333334,24
1956-05-23,1.0,24
1956-05-24,0.96875,24
1956-05-25,1.0,24
1956-05-26,0.8229166666666666,24
1956-05-27,0.890625,24
1956-05-28,0.9791666666666666,24
1956-05-29,0.9427083333333334,24
1956-05-30,0.7291666666666666,24
1956-05-31,0.4739583333333333,24
1956-06-01,0.5104166666666666,24
1956-06-02,0.59375,24
1956-06-03,0.7395833333333334,24
1956-06-04,0.8229166666666666,24
1956-06-05,0.65625,24
1956-06-06,0.5572916666666666,24
1956-06-07,0.609375,24
1956-06-08,0.5572916666666666,24
1956-06-09,0.796875,24
1956-06-10,0.59375,24
1956-06-11,0.515625,24
1956-06-12,0.15625,24
1956-06-13,0.0,24
1956-06-14,0.5625,24
1956-06-15,0.7083333333333334,24
1956-06-16,0.7447916666666666,24
1956-06-17,0.671875,24
1956-06-18,0.8802083333333334,24
1956-06-19,0.734375,24
1956-06-20,0.7135416666666666,24
1956-06-21,0.6770833333333334,24
1956-06-22,0.6354166666666666,24
1956-06-23,0.5416666666666666,24
1956-06-24,0.5364583333333334,24
1956-06-25,0.546875,24
1956-06-26,0.2708333333333333,24
1956-06-27,0.15625,24
1956-06-28,0.3645833333333333,24
1956-06-29,0.16666666666666666,24
1956-06-30,0.5364583333333334,24
1956-07-01,0.7447916666666666,24
1956-07-02,0.8229166666666666,24
1956-07-03,0.59375,24
1956-07-04,0.359375,24
1956-07-05,0.4010416666666667,24
1956-07-06,0.375,24
1956-07-07,0.4114583333333333,24
1956-07-08,0.421875,24
1956-07-09,0.671875,24
1956-07-10,0.5208333333333334,24
1956-07-11,0.6041666666666666,24
1956-07-12,0.6145833333333334,24
1956-07-13,0.5104166666666666,24
1956-07-14,0.328125,24
1956-07-15,0.4010416666666667,24
1956-07-16,0.3177083333333333,24
1956-07-17,0.65625,24
1956-07-18,0.4583333333333333,24
1956-07-19,0.3645833333333333,24
1956-07-20,0.34375,24
1956-07-21,0.2604166666666667,24
1956-07-22,0.484375,24
1956-07-23,0.8385416666666666,24
1956-07-24,0.90625,24
1956-07-25,0.703125,24
1956-07-26,0.625,24
1956-07-27,0.453125,24
1956-07-28,0.234375,24
1956-07-29,0.14583333333333334,24
1956-07-30,0.5833333333333334,24
1956-07-31,0.4635416666666667,24
1956-08-01,0.453125,24
1956-08-02,0.6354166666666666,24
1956-08-03,0.53125,24
1956-08-04,0.3125,24
1956-08-05,0.19791666666666666,24
1956-08-06,0.3333333333333333,24
1956-08-07,0.4010416666666667,24
1956-08-08,0.3958333333333333,24
1956-08-09,0.5416666666666666,24
1956-08-10,0.7291666666666666,24
1956-08-11,0.6458333333333334,24
1956-08-12,0.5677083333333334,24
1956-08-13,0.3177083333333333,24
1956-08-14,0.34375,24
1956-08-15,0.3385416666666667,24
1956-08-16,0.6197916666666666,24
1956-08-17,0.71875,24
1956-08-18,0.546875,24
1956-08-19,0.6927083333333334,24
1956-08-20,0.625,24
1956-08-21,0.375,24
1956-08-22,0.026041666666666668,24
1956-08-23,0.125,24
1956-08-24,0.59375,24
1956-08-25,0.4635416666666667,24
1956-08-26,0.8385416666666666,24
1956-08-27,0.8958333333333334,24
1956-08-28,0.8489583333333334,24
1956-08-29,0.5885416666666666,24
1956-08-30,0.7291666666666666,24
1956-08-31,0.6979166666666666,24
1956-09-01,0.6875,24
1956-09-02,0.6197916666666666,24
1956-09-03,0.5677083333333334,24
1956-09-04,0.3072916666666667,24
1956-09-05,0.3333333333333333,24
1956-09-06,0.4895833333333333,24
1956-09-07,0.2760416666666667,24
1956-09-08,0.234375,24
1956-09-09,0.0,24
1956-09-10,0.005208333333333333,24
1956-09-11,0.041666666666666664,24
1956-09-12,0.375,24
1956-09-13,0.140625,24
1956-09-14,0.0,24
1956-09-15,0.0,24
1956-09-16,0.0,24
1956-09-17,0.010416666666666666,24
1956-09-18,0.22395833333333334,24
1956-09-19,0.026041666666666668,24
1956-09-20,0.4583333333333333,24
1956-09-21,0.18229166666666666,24
1956-09-22,0.65625,24
1956-09-23,0.16145833333333334,24
1956-09-24,0.057291666666666664,24
1956-09-25,0.0,24
1956-09-26,0.03125,24
1956-09-27,0.036458333333333336,24
1956-09-28,0.0,24
1956-09-29,0.14583333333333334,24
1956-09-30,0.875,24
1956-10-01,0.609375,24
1956-10-02,0.609375,24
1956-10-03,0.625,24
1956-10-04,0.8333333333333334,24
1956-10-05,0.6354166666666666,24
1956-10-06,0.578125,24
1956-10-07,0.2552083333333333,24
1956-10-08,0.09375,24
1956-10-09,0.5885416666666666,24
1956-10-10,0.4010416666666667,24
1956-10-11,0.6197916666666666,24
1956-10-12,0.46875,24
1956-10-13,0.0625,24
1956-10-14,0.6354166666666666,24
1956-10-15,0.6614583333333334,24
1956-10-16,0.640625,24
1956-10-17,0.6302083333333334,24
1956-10-18,0.703125,24
1956-10-19,0.640625,24
1956-10-20,0.08854166666666667,24
1956-10-21,0.8385416666666666,24
1956-10-22,0.9583333333333334,24
1956-10-23,0.953125,24
1956-10-24,0.3333333333333333,24
1956-10-25,0.0,24
1956-10-26,0.0,24
1956-10-27,0.3385416666666667,24
1956-10-28,0.53125,24
1956-10-29,0.5052083333333334,24
1956-10-30,0.0,24
1956-10-31,0.34375,24
1956-11-01,0.15104166666666666,24
1956-11-02,0.046875,24
1956-11-03,0.010416666666666666,24
1956-11-04,0.0,24
1956-11-05,0.0,24
1956-11-06,0.0,24
1956-11-07,0.015625,24
1956-11-08,0.08854166666666667,24
1956-11-09,0.0,24
1956-11-10,0.005208333333333333,24
1956-11-11,0.11979166666666667,24
1956-11-12,0.5260416666666666,24
1956-11-13,0.9322916666666666,24
1956-11-14,0.7291666666666666,24
1956-11-15,0.015625,24
1956-11-16,0.020833333333333332,24
1956-11-17,0.005208333333333333,24
1956-11-18,0.052083333333333336,24
1956-11-19,0.53125,24
1956-11-20,0.005208333333333333,24
1956-11-21,0.0,24
1956-11-22,0.17708333333333334,24
1956-11-23,0.765625,24
1956-11-24,0.265625,24
1956-11-25,0.6770833333333334,24
1956-11-26,0.19270833333333334,24
1956-11-27,0.4270833333333333,24
1956-11-28,0.1875,24
1956-11-29,0.0,24
1956-11-30,0.005208333333333333,24
1956-12-01,0.03125,24
1956-12-02,0.15625,24
1956-12-03,0.3229166666666667,24
1956-12-04,0.546875,24
1956-12-05,0.78125,24
1956-12-06,0.9895833333333334,24
1956-12-07,0.7552083333333334,24
1956-12-08,0.046875,24
1956-12-09,0.015625,24
1956-12-10,0.005208333333333333,24
1956-12-11,0.25,24
1956-12-12,0.4010416666666667,24
1956-12-13,0.13541666666666666,24
1956-12-14,0.2708333333333333,24
1956-12-15,0.578125,24
1956-12-16,0.171875,24
1956-12-17,0.3697916666666667,24
1956-12-18,0.0,24
1956-12-19,0.3229166666666667,24
1956-12-20,0.08333333333333333,24
1956-12-21,0.2760416666666667,24
1956-12-22,0.09375,24
1956-12-23,0.0,24
1956-12-24,0.0,24
1956-12-25,0.0,24
1956-12-26,0.0,24
1956-12-27,0.026041666666666668,24
1956-12-28,0.020833333333333332,24
1956-12-29,0.10416666666666667,24
1956-12-30,0.375,24
1956-12-31,0.7552083333333334,24
1957-01-01,0.7135416666666666,24
1957-01-02,0.3020833333333333,24
1957-01-03,0.6875,24
1957-01-04,0.8958333333333334,24
1957-01-05,0.8802083333333334,24
1957-01-06,0.5416666666666666,24
1957-01-07,1.0,24
1957-01-08,1.0,24
1957-01-09,0.8229166666666666,24
1957-01-10,0.9895833333333334,24
1957-01-11,0.875,24
1957-01-12,0.9947916666666666,24
1957-01-13,1.0,24
1957-01-14,0.75,24
1957-01-15,0.5989583333333334,24
1957-01-16,0.046875,24
1957-01-17,0.21875,24
1957-01-18,0.0,24
1957-01-19,0.005208333333333333,24
1957-01-20,0.3802083333333333,24
1957-01-21,0.578125,24
1957-01-22,0.3229166666666667,24
1957-01-23,0.6770833333333334,24
1957-01-24,0.984375,24
1957-01-25,0.8958333333333334,24
1957-01-26,0.8854166666666666,24
1957-01-27,0.859375,24
1957-01-28,0.8072916666666666,24
1957-01-29,0.953125,24
1957-01-30,0.5364583333333334,24
1957-01-31,0.11979166666666667,24
1957-02-01,0.06770833333333333,24
1957-02-02,0.3020833333333333,24
1957-02-03,0.875,24
1957-02-04,0.3802083333333333,24
1957-02-05,0.125,24
1957-02-06,0.28125,24
1957-02-07,0.4635416666666667,24
1957-02-08,0.9322916666666666,24
1957-02-09,0.765625,24
1957-02-10,0.7447916666666666,24
1957-02-11,0.9010416666666666,24
1957-02-12,0.8385416666666666,24
1957-02-13,0.4635416666666667,24
1957-02-14,0.4583333333333333,24
1957-02-15,1.0,24
1957-02-16,1.0,24
1957-02-17,1.0,24
1957-02-18,1.0,24
1957-02-19,0.9895833333333334,24
1957-02-20,1.0,24
1957-02-21,0.8697916666666666,24
1957-02-22,0.4791666666666667,24
1957-02-23,0.8645833333333334,24
1957-02-24,0.4479166666666667,24
1957-02-25,0.3125,24
1957-02-26,1.0,24
1957-02-27,0.9583333333333334,24
1957-02-28,0.7760416666666666,24
1957-03-01,0.828125,24
1957-03-02,0.6770833333333334,24
1957-03-03,0.5729166666666666,24
1957-03-04,0.6979166666666666,24
1957-03-05,0.78125,24
1957-03-06,0.953125,24
1957-03-07,0.2916666666666667,24
1957-03-08,0.96875,24
1957-03-09,0.9895833333333334,24
1957-03-10,0.4427083333333333,24
1957-03-11,0.20833333333333334,24
1957-03-12,0.7239583333333334,24
1957-03-13,0.6875,24
1957-03-14,0.08333333333333333,24
1957-03-15,0.6770833333333334,24
1957-03-16,0.7083333333333334,24
1957-03-17,0.671875,24
1957-03-18,0.6145833333333334,24
1957-03-19,1.0,24
1957-03-20,0.5364583333333334,24
1957-03-21,0.9895833333333334,24
1957-03-22,0.296875,24
1957-03-23,0.0,24
1957-03-24,0.0,24
1957-03-25,0.16666666666666666,24
1957-03-26,0.6145833333333334,24
1957-03-27,0.6927083333333334,24
1957-03-28,0.9270833333333334,24
1957-03-29,0.46875,24
1957-03-30,0.4583333333333333,24
1957-03-31,0.3645833333333333,24
1957-04-01,0.8020833333333334,24
1957-04-02,0.015625,24
1957-04-03,0.15104166666666666,24
1957-04-04,0.4010416666666667,24
1957-04-05,0.4635416666666667,24
1957-04-06,0.90625,24
1957-04-07,0.7864583333333334,24
1957-04-08,0.11979166666666667,24
1957-04-09,0.7760416666666666,24
1957-04-10,0.828125,24
1957-04-11,0.796875,24
1957-04-12,0.78125,24
1957-04-13,0.484375,24
1957-04-14,0.5208333333333334,24
1957-04-15,0.8333333333333334,24
1957-04-16,0.765625,24
1957-04-17,0.22916666666666666,24
1957-04-18,0.6770833333333334,24
1957-04-19,0.453125,24
1957-04-20,0.8072916666666666,24
1957-04-21,0.78125,24
1957-04-22,0.609375,24
1957-04-23,0.9583333333333334,24
1957-04-24,0.7135416666666666,24
1957-04-25,0.75,24
1957-04-26,0.3489583333333333,24
1957-04-27,0.4114583333333333,24
1957-04-28,0.390625,24
1957-04-29,0.4895833333333333,24
1957-04-30,0.5520833333333334,24
1957-05-01,0.5208333333333334,24
1957-05-02,0.3333333333333333,24
1957-05-03,0.4166666666666667,24
1957-05-04,0.421875,24
1957-05-05,0.875,24
1957-05-06,0.875,24
1957-05-07,0.9947916666666666,24
1957-05-08,0.8697916666666666,24
1957-05-09,0.671875,24
1957-05-10,0.7083333333333334,24
1957-05-11,0.7760416666666666,24
1957-05-12,0.6197916666666666,24
1957-05-13,0.5885416666666666,24
1957-05-14,0.734375,24
1957-05-15,0.40625,24
1957-05-16,0.359375,24
1957-05-17,0.5104166666666666,24
1957-05-18,0.9583333333333334,24
1957-05-19,0.890625,24
1957-05-20,0.4322916666666667,24
1957-05-21,0.828125,24
1957-05-22,0.4791666666666667,24
1957-05-23,0.9635416666666666,24
1957-05-24,0.5572916666666666,24
1957-05-25,0.13541666666666666,24
1957-05-26,0.40625,24
1957-05-27,0.8541666666666666,24
1957-05-28,0.9791666666666666,24
1957-05-29,0.8645833333333334,24
1957-05-30,0.7916666666666666,24
1957-05-31,0.4166666666666667,24
1957-06-01,0.734375,24
1957-06-02,0.484375,24
1957-06-03,0.5260416666666666,24
1957-06-04,0.34375,24
1957-06-05,0.6302083333333334,24
1957-06-06,0.6979166666666666,24
1957-06-07,0.84375,24
1957-06-08,0.9739583333333334,24
1957-06-09,0.9895833333333334,24
1957-06-10,0.8854166666666666,24
1957-06-11,0.8489583333333334,24
1957-06-12,0.84375,24
1957-06-13,0.9583333333333334,24
1957-06-14,0.890625,24
1957-06-15,0.84375,24
1957-06-16,0.5364583333333334,24
1957-06-17,0.052083333333333336,24
1957-06-18,0.0,24
1957-06-19,0.0,24
1957-06-20,0.3072916666666667,24
1957-06-21,0.5625,24
1957-06-22,0.8697916666666666,24
1957-06-23,0.5416666666666666,24
1957-06-24,0.8958333333333334,24
1957-06-25,0.7708333333333334,24
1957-06-26,0.578125,24
1957-06-27,0.6822916666666666,24
1957-06-28,0.8489583333333334,24
1957-06-29,0.8958333333333334,24
1957-06-30,0.4791666666666667,24
1957-07-01,0.171875,24
1957-07-02,0.5572916666666666,24
1957-07-03,0.22395833333333334,24
1957-07-04,0.0,24
1957-07-05,0.4583333333333333,24
1957-07-06,0.9583333333333334,24
1957-07-07,0.140625,24
1957-07-08,0.4322916666666667,24
1957-07-09,0.734375,24
1957-07-10,0.5260416666666666,24
1957-07-11,0.21354166666666666,24
1957-07-12,0.7395833333333334,24
1957-07-13,0.5885416666666666,24
1957-07-14,0.2760416666666667,24
1957-07-15,0.1875,24
1957-07-16,0.7291666666666666,24
1957-07-17,0.8333333333333334,24
1957-07-18,0.4322916666666667,24
1957-07-19,0.4114583333333333,24
1957-07-20,0.4166666666666667,24
1957-07-21,0.4322916666666667,24
1957-07-22,0.3958333333333333,24
1957-07-23,0.08854166666666667,24
1957-07-24,0.4114583333333333,24
1957-07-25,0.7552083333333334,24
1957-07-26,0.5885416666666666,24
1957-07-27,0.640625,24
1957-07-28,0.53125,24
1957-07-29,0.6510416666666666,24
1957-07-30,0.11458333333333333,24
1957-07-31,0.052083333333333336,24
1957-08-01,0.24479166666666666,24
1957-08-02,0.4479166666666667,24
1957-08-03,0.6770833333333334,24
1957-08-04,0.4375,24
1957-08-05,0.40625,24
1957-08-06,0.3020833333333333,24
1957-08-07,0.3177083333333333,24
1957-08-08,0.22916666666666666,24
1957-08-09,0.4635416666666667,24
1957-08-10,0.6302083333333334,24
1957-08-11,0.578125,24
1957-08-12,0.0625,24
1957-08-13,0.057291666666666664,24
1957-08-14,0.21354166666666666,24
1957-08-15,0.3229166666666667,24
1957-08-16,0.2760416666666667,24
1957-08-17,0.2916666666666667,24
1957-08-18,0.6302083333333334,24
1957-08-19,0.6041666666666666,24
1957-08-20,0.7916666666666666,24
1957-08-21,0.84375,24
1957-08-22,0.015625,24
1957-08-23,0.3854166666666667,24
1957-08-24,0.7447916666666666,24
1957-08-25,0.5885416666666666,24
1957-08-26,0.5677083333333334,24
1957-08-27,0.3541666666666667,24
1957-08-28,0.5364583333333334,24
1957-08-29,0.5625,24
1957-08-30,0.5052083333333334,24
1957-08-31,0.15625,24
1957-09-01,0.4427083333333333,24
1957-09-02,0.359375,24
1957-09-03,0.3489583333333333,24
1957-09-04,0.5729166666666666,24
1957-09-05,0.5520833333333334,24
1957-09-06,0.5052083333333334,24
1957-09-07,0.359375,24
1957-09-08,0.4010416666666667,24
1957-09-09,0.4583333333333333,24
1957-09-10,0.5677083333333334,24
1957-09-11,0.21354166666666666,24
1957-09-12,0.8958333333333334,24
1957-09-13,0.6875,24
1957-09-14,0.7447916666666666,24
1957-09-15,0.40625,24
1957-09-16,0.703125,24
1957-09-17,0.5625,24
1957-09-18,0.19270833333333334,24
1957-09-19,0.6302083333333334,24
1957-09-20,0.875,24
1957-09-21,0.052083333333333336,24
1957-09-22,0.609375,24
1957-09-23,0.4895833333333333,24
1957-09-24,0.4427083333333333,24
1957-09-25,0.10416666666666667,24
1957-09-26,0.3020833333333333,24
1957-09-27,0.2760416666666667,24
1957-09-28,0.5989583333333334,24
1957-09-29,0.09895833333333333,24
1957-09-30,0.140625,24
1957-10-01,0.026041666666666668,24
1957-10-02,0.5520833333333334,24
1957-10-03,0.7135416666666666,24
1957-10-04,0.13020833333333334,24
1957-10-05,0.0,24
1957-10-06,0.24479166666666666,24
1957-10-07,0.10416666666666667,24
1957-10-08,0.010416666666666666,24
1957-10-09,0.421875,24
1957-10-10,0.3333333333333333,24
1957-10-11,0.8489583333333334,24
1957-10-12,0.5885416666666666,24
1957-10-13,0.953125,24
1957-10-14,0.9947916666666666,24
1957-10-15,0.9583333333333334,24
1957-10-16,0.6666666666666666,24
1957-10-17,0.2604166666666667,24
1957-10-18,0.9635416666666666,24
1957-10-19,0.9583333333333334,24
1957-10-20,0.9479166666666666,24
1957-10-21,0.5625,24
1957-10-22,0.036458333333333336,24
1957-10-23,0.34375,24
1957-10-24,0.08854166666666667,24
1957-10-25,0.25,24
1957-10-26,0.5104166666666666,24
1957-10-27,0.8333333333333334,24
1957-10-28,0.7604166666666666,24
1957-10-29,0.25,24
1957-10-30,0.6041666666666666,24
1957-10-31,0.9166666666666666,24
1957-11-01,0.90625,24
1957-11-02,0.921875,24
1957-11-03,0.5885416666666666,24
1957-11-04,0.5572916666666666,24
1957-11-05,0.7291666666666666,24
1957-11-06,0.140625,24
1957-11-07,0.11458333333333333,24
1957-11-08,0.3072916666666667,24
1957-11-09,0.0,24
1957-11-10,0.17708333333333334,24
1957-11-11,0.6822916666666666,24
1957-11-12,0.3489583333333333,24
1957-11-13,0.5520833333333334,24
1957-11-14,0.9583333333333334,24
1957-11-15,0.7864583333333334,24
1957-11-16,0.5677083333333334,24
1957-11-17,0.40625,24
1957-11-18,0.015625,24
1957-11-19,0.041666666666666664,24
1957-11-20,0.015625,24
1957-11-21,0.15625,24
1957-11-22,0.14583333333333334,24
1957-11-23,0.3385416666666667,24
1957-11-24,0.09895833333333333,24
1957-11-25,0.0,24
1957-11-26,0.0,24
1957-11-27,0.484375,24
1957-11-28,0.08854166666666667,24
1957-11-29,0.07291666666666667,24
1957-11-30,0.078125,24
1957-12-01,0.1875,24
1957-12-02,0.7864583333333334,24
1957-12-03,0.14583333333333334,24
1957-12-04,0.96875,24
1957-12-05,0.875,24
1957-12-06,0.3958333333333333,24
1957-12-07,0.0625,24
1957-12-08,0.06770833333333333,24
1957-12-09,0.0,24
1957-12-10,0.1956521739130435,23
1957-12-11,0.03125,24
1957-12-12,0.0,24
1957-12-13,0.625,24
1957-12-14,0.6197916666666666,24
1957-12-15,0.9947916666666666,24
1957-12-16,0.9635416666666666,24
1957-12-17,0.9010416666666666,24
1957-12-18,0.5833333333333334,24
1957-12-19,0.3489583333333333,24
1957-12-20,0.0,24
1957-12-21,0.265625,24
1957-12-22,0.8541666666666666,24
1957-12-23,0.4791666666666667,24
1957-12-24,0.2916666666666667,24
1957-12-25,0.0,24
1957-12-26,0.0,24
1957-12-27,0.671875,24
1957-12-28,0.5625,24
1957-12-29,0.3541666666666667,24
1957-12-30,0.4166666666666667,24
1957-12-31,0.21875,24
