Name,RA,Dec,Date,shadow_distance
XE422,107.0789476,15.1408205,1953-01-09 06:40:12,7.62491831466637
XE422,107.0790088,17.718427,1953-01-09 06:40:12,5.345636717988085
XE422,107.0960226,15.5314244,1953-01-09 06:40:12,7.260061438995908
XE422,107.2117866,16.4040482,1953-01-09 06:40:12,6.422721635008312
XE422,107.2916033,20.1828073,1953-01-09 06:40:12,3.403215957020285
XE422,107.360743,19.0228483,1953-01-09 06:40:12,4.142999123412885
XE422,107.3834053,15.9761406,1953-01-09 06:40:12,6.741606068115986
XE422,107.4078642,20.0014872,1953-01-09 06:40:12,3.4264030920186843
XE422,107.4249868,19.5020514,1953-01-09 06:40:12,3.749891801873593
XE422,107.4363117,20.4409595,1953-01-09 06:40:12,3.145381987900402
XE422,107.4852333,20.2342169,1953-01-09 06:40:12,3.22613268621778
XE422,107.4952173,20.4312536,1953-01-09 06:40:12,3.104713460204432
XE422,107.5486711,15.5556806,1953-01-09 06:40:12,7.070642194987315
XE422,107.6392323,16.8469808,1953-01-09 06:40:12,5.846468625649393
XE422,107.6440544,14.8706334,1953-01-09 06:40:12,7.68423753928616
XE422,107.6779394,20.6046739,1953-01-09 06:40:12,2.8664347312543508
XE422,107.7441202,19.9622598,1953-01-09 06:40:12,3.2138025395960823
XE422,107.7494801,15.8605391,1953-01-09 06:40:12,6.7170932435001385
XE422,107.8058813,15.7193548,1953-01-09 06:40:12,6.831128351255465
XE422,107.837872,16.9910155,1953-01-09 06:40:12,5.63714558184982
XE422,107.8876639,19.9288293,1953-01-09 06:40:12,3.1401493158797047
XE422,107.9506134,17.7199202,1953-01-09 06:40:12,4.930263292399412
XE422,107.9724119,17.7827901,1953-01-09 06:40:12,4.864658291553459
XE422,108.1660402,16.9276353,1953-01-09 06:40:12,5.577625095472431
XE422,108.1827111,17.7012229,1953-01-09 06:40:12,4.8545496907465235
XE422,108.187665,19.197388,1953-01-09 06:40:12,3.5319162825506436
XE422,108.2671985,15.0099779,1953-01-09 06:40:12,7.378347958229279
XE422,108.2904658,15.8322249,1953-01-09 06:40:12,6.579848247734913
XE422,108.4959637,20.5832986,1953-01-09 06:40:12,2.274569942660201
XE422,108.5247973,18.1925795,1953-01-09 06:40:12,4.275101474321731
XE422,108.5259161,16.1431071,1953-01-09 06:40:12,6.219241486872932
XE422,108.5341783,15.7972648,1953-01-09 06:40:12,6.551700250478965
XE422,108.5594261,16.29716,1953-01-09 06:40:12,6.062143009334298
XE422,108.6298759,18.1293149,1953-01-09 06:40:12,4.297182785993629
XE422,108.6800802,18.7230625,1953-01-09 06:40:12,3.729067889438589
XE422,108.7883479,15.2535989,1953-01-09 06:40:12,7.027564708325604
XE422,108.8097795,19.1438815,1953-01-09 06:40:12,3.294620560170558
XE422,108.8451233,19.3287784,1953-01-09 06:40:12,3.1127995606531593
XE422,108.9010122,14.8331117,1953-01-09 06:40:12,7.420757260221604
XE422,108.9754667,16.7112131,1953-01-09 06:40:12,5.564224137413315
XE422,109.0525486,17.8111739,1953-01-09 06:40:12,4.477697305515441
XE422,109.2276671,15.038211,1953-01-09 06:40:12,7.169366533758664
XE422,109.2893815,16.7042635,1953-01-09 06:40:12,5.513322007122194
XE422,109.4326247,15.8469337,1953-01-09 06:40:12,6.341807995376664
XE422,109.6770971,16.046834,1953-01-09 06:40:12,6.117753777116898
XE422,109.7309311,17.6207851,1953-01-09 06:40:12,4.546618147652646
XE422,109.736024,15.5734163,1953-01-09 06:40:12,6.584760786569901
XE422,109.7481337,18.2062716,1953-01-09 06:40:12,3.9632739583313965
XE422,109.7613137,16.5412104,1953-01-09 06:40:12,5.618166848925233
XE422,109.8752296,17.6736938,1953-01-09 06:40:12,4.480533653847669
XE422,110.0189281,19.6165912,1953-01-09 06:40:12,2.5332099417982112
XE422,110.097667,15.5678523,1953-01-09 06:40:12,6.572529640213319
XE422,110.1229921,15.622628,1953-01-09 06:40:12,6.517187259207245
XE422,110.2054382,20.2120591,1953-01-09 06:40:12,1.9273035337184707
XE422,110.2078887,15.2619399,1953-01-09 06:40:12,6.876539381686473
XE422,110.2784192,20.1652133,1953-01-09 06:40:12,1.9729397963414592
XE422,110.4369781,17.8095432,1953-01-09 06:40:12,4.3311649217819035
XE422,110.472848,15.7021336,1953-01-09 06:40:12,6.438636820049248
XE422,110.4767442,18.4184944,1953-01-09 06:40:12,3.724294408961053
XE422,110.5355783,20.1783122,1953-01-09 06:40:12,1.9744307980573665
XE422,110.6789469,18.3329051,1953-01-09 06:40:12,3.8237288085744057
XE422,110.7226703,20.1428868,1953-01-09 06:40:12,2.0377846751943927
XE422,110.7430796,17.6823562,1953-01-09 06:40:12,4.477126984454277
XE422,110.8541844,15.0837565,1953-01-09 06:40:12,7.075415353790817
XE422,111.0426271,16.3160421,1953-01-09 06:40:12,5.866576425969359
XE422,111.0583527,19.1392515,1953-01-09 06:40:12,3.086362623281057
XE422,111.1051177,16.3784311,1953-01-09 06:40:12,5.81226528346445
XE422,111.1546147,17.725541,1953-01-09 06:40:12,4.488742204641903
XE422,111.2287552,19.88182,1953-01-09 06:40:12,2.424364076852829
XE422,111.2831408,20.5959323,1953-01-09 06:40:12,1.8037224704929786
XE422,111.2892443,16.9808421,1953-01-09 06:40:12,5.2444092883861195
XE422,111.293605,18.1546805,1953-01-09 06:40:12,4.095785440484517
XE422,111.2974234,20.4233741,1953-01-09 06:40:12,1.9599836714320689
XE422,111.3097689,18.1934413,1953-01-09 06:40:12,4.061657966846193
XE422,111.3138867,18.2741549,1953-01-09 06:40:12,3.9841964795159117
XE422,111.3230732,17.3852617,1953-01-09 06:40:12,4.853381427538246
XE422,111.402095,16.8648806,1953-01-09 06:40:12,5.378453959002136
XE422,111.4098145,18.1403697,1953-01-09 06:40:12,4.136358592020902
XE422,111.4254588,20.4994333,1953-01-09 06:40:12,1.956172172051363
XE422,111.524676,19.5732951,1953-01-09 06:40:12,2.816725822786874
XE422,111.554914,15.3894892,1953-01-09 06:40:12,6.855835469883696
XE422,111.5549319,20.3972154,1953-01-09 06:40:12,2.1083794692116173
XE422,111.5695463,20.4503398,1953-01-09 06:40:12,2.0724811527885287
XE422,111.5778306,20.3683571,1953-01-09 06:40:12,2.144310728931869
XE422,111.5934166,18.7914617,1953-01-09 06:40:12,3.566091454301133
XE422,111.6073538,16.1515691,1953-01-09 06:40:12,6.116598651178252
XE422,111.6641273,20.4593912,1953-01-09 06:40:12,2.117623216923091
XE422,111.8680039,14.9311654,1953-01-09 06:40:12,7.362569386970364
XE422,111.9242119,15.3655564,1953-01-09 06:40:12,6.949262918085088
XE422,111.9244139,20.5504214,1953-01-09 06:40:12,2.2068882356229023
XE422,111.9772677,15.5486112,1953-01-09 06:40:12,6.78251349646926
XE422,112.0362133,18.9247772,1953-01-09 06:40:12,3.610233772711053
XE422,112.0404167,20.4334993,1953-01-09 06:40:12,2.3664938199389245
XE422,112.0466321,20.2897097,1953-01-09 06:40:12,2.4764562737890348
XE422,112.117841,14.8571114,1953-01-09 06:40:12,7.486667081052789
XE422,112.2556932,16.3963661,1953-01-09 06:40:12,6.037149724413553
XE422,112.2843222,20.5448646,1953-01-09 06:40:12,2.4552211840620264
XE422,112.3090948,17.1047577,1953-01-09 06:40:12,5.384195467559811
XE422,112.310882,18.8377552,1953-01-09 06:40:12,3.8098750508304993
XE422,112.3660577,15.531307,1953-01-09 06:40:12,6.8954796144543815
XE422,112.4006299,18.9841902,1953-01-09 06:40:12,3.7273819327249558
XE422,112.440448,15.4467825,1953-01-09 06:40:12,6.996880402317935
XE422,112.4638503,18.9786301,1953-01-09 06:40:12,3.763940430989313
XE422,112.5726203,14.9753592,1953-01-09 06:40:12,7.485092835662267
XE422,112.5808604,20.4641315,1953-01-09 06:40:12,2.720753033447902
XE422,112.6203782,16.3279269,1953-01-09 06:40:12,6.21623273660666
XE422,112.631071,16.3937012,1953-01-09 06:40:12,6.158278242706067
XE422,112.6459536,17.08198,1953-01-09 06:40:12,5.525685759991678
XE422,112.7128454,20.2405183,1953-01-09 06:40:12,2.958274420360066
XE422,112.7316563,17.0420386,1953-01-09 06:40:12,5.5951935009024645
XE422,112.7768338,16.7262737,1953-01-09 06:40:12,5.90193146511423
XE422,112.7882307,17.9344654,1953-01-09 06:40:12,4.819343039276902
XE422,112.7977151,19.2888143,1953-01-09 06:40:12,3.6971333846811527
XE422,112.8053431,15.9470111,1953-01-09 06:40:12,6.635294735294682
XE422,112.8229617,17.8293709,1953-01-09 06:40:12,4.927386757018547
XE422,112.8678335,19.5915583,1953-01-09 06:40:12,3.5124157713362183
XE422,112.9522214,15.2116829,1953-01-09 06:40:12,7.37431099081603
XE422,112.9574513,16.3224542,1953-01-09 06:40:12,6.341309335016873
XE422,112.9912871,16.06873,1953-01-09 06:40:12,6.587839036397778
XE422,113.0009012,15.2920968,1953-01-09 06:40:12,7.3147376766707355
XE422,113.0160594,18.3769523,1953-01-09 06:40:12,4.553920292669745
XE422,113.0298714,19.03765,1953-01-09 06:40:12,4.030369932916621
XE369,135.3809546,22.0535424,1951-02-03 07:10:12,5.365763979182398
XE369,135.4093952,22.0467895,1951-02-03 07:10:12,5.355650590891741
XE369,135.4464031,23.8686271,1951-02-03 07:10:12,7.163284548235078
XE369,135.4601079,21.4896737,1951-02-03 07:10:12,4.797126319098244
XE369,135.4781987,22.5757732,1951-02-03 07:10:12,5.8737091877477665
XE369,135.5182704,21.7754525,1951-02-03 07:10:12,5.0741160906681575
XE369,135.6307693,22.2283336,1951-02-03 07:10:12,5.514431577098184
XE369,135.6313519,21.6232105,1951-02-03 07:10:12,4.911719148868001
XE369,135.7432824,20.4678555,1951-02-03 07:10:12,3.751670137599103
XE369,135.7670167,20.5400477,1951-02-03 07:10:12,3.821501613851913
XE369,135.7739407,20.7250654,1951-02-03 07:10:12,4.005285598361617
XE369,136.0107972,24.338222,1951-02-03 07:10:12,7.605713821388191
XE369,136.1659725,22.8481746,1951-02-03 07:10:12,6.115135852784164
XE369,136.1810363,20.7661483,1951-02-03 07:10:12,4.033371639949414
XE369,136.2054564,21.4291575,1951-02-03 07:10:12,4.696661202494379
XE369,136.4836384,20.6609655,1951-02-03 07:10:12,3.942851168275208
XE369,136.6602046,22.9093208,1951-02-03 07:10:12,6.196984426820804
XE369,136.8955883,22.3106213,1951-02-03 07:10:12,5.625094684566037
XE369,136.9250796,23.5325157,1951-02-03 07:10:12,6.841156314912751
XE369,137.0239205,23.4639707,1951-02-03 07:10:12,6.784027182557916
XE369,137.0339446,21.0140002,1951-02-03 07:10:12,4.367260523059485
XE369,137.0688933,20.4246932,1951-02-03 07:10:12,3.7994787999966255
XE369,137.167431,25.0815628,1951-02-03 07:10:12,8.405385288458874
XE369,137.2700891,22.8378561,1951-02-03 07:10:12,6.199742700255606
XE369,137.4194378,22.9002499,1951-02-03 07:10:12,6.286921803483858
XE369,137.8790276,22.8036725,1951-02-03 07:10:12,6.2918847730185625
XE369,137.9864466,21.3326096,1951-02-03 07:10:12,4.926048876611883
XE369,138.0853314,20.7352497,1951-02-03 07:10:12,4.4135153533224205
XE369,138.361043,21.7009949,1951-02-03 07:10:12,5.399435508269108
XE369,138.9695601,21.7684746,1951-02-03 07:10:12,5.708377070565301
XE369,139.0735093,21.4609931,1951-02-03 07:10:12,5.489638737253977
XE369,139.77169,22.8112837,1951-02-03 07:10:12,6.981199632554957
XE369,139.8268643,23.1815978,1951-02-03 07:10:12,7.32833569220629
XE369,139.8741185,20.7889507,1951-02-03 07:10:12,5.392413865792144
XE369,140.4684812,20.6104202,1951-02-03 07:10:12,5.656471414916501
XE369,140.5732162,21.6606972,1951-02-03 07:10:12,6.477081384206805
XE369,140.5784935,21.0978103,1951-02-03 07:10:12,6.068578086949857
XE369,140.7793818,23.5154281,1951-02-03 07:10:12,8.068901899938906
XE369,140.7902771,21.4568583,1951-02-03 07:10:12,6.463382372825123
XE369,140.8476161,23.3967331,1951-02-03 07:10:12,8.005688187527495
XE369,140.8706001,20.3913107,1951-02-03 07:10:12,5.801193439774998
XE369,141.0185563,21.4129811,1951-02-03 07:10:12,6.581612152808524
XE369,141.0622211,21.1280633,1951-02-03 07:10:12,6.415213637606261
XE369,141.0902389,23.6383962,1951-02-03 07:10:12,8.331041775691558
XE369,141.1929076,20.9298878,1951-02-03 07:10:12,6.375825790981037
XE369,141.2260495,21.8652354,1951-02-03 07:10:12,7.038474204226972
XE369,141.2668248,20.4161253,1951-02-03 07:10:12,6.1118449675148225
XE369,141.3317361,23.2567585,1951-02-03 07:10:12,8.155145949619225
XE369,141.4276626,20.8377769,1951-02-03 07:10:12,6.487097837355394
XE369,141.4315802,20.6460483,1951-02-03 07:10:12,6.372802961717526
XE369,141.5446626,23.2935549,1951-02-03 07:10:12,8.305298143395808
XE369,141.5688654,20.551529,1951-02-03 07:10:12,6.420444765636983
XE369,141.5881855,20.5818197,1951-02-03 07:10:12,6.45279689223115
XE369,141.7386292,21.4582203,1951-02-03 07:10:12,7.105876151018133
XE617,197.4639791,-2.6384857,1956-04-08 06:40:48,4.604761855129513
XE617,197.6343297,-2.7764392,1956-04-08 06:40:48,4.489027046017551
XE617,197.7141813,-0.234078,1956-04-08 06:40:48,7.022142093459162
XE617,197.7167642,-0.7843337,1956-04-08 06:40:48,6.475404925877322
XE617,197.9410434,-2.3648578,1956-04-08 06:40:48,4.946548762194016
XE617,198.1436906,-2.751468,1956-04-08 06:40:48,4.614279305419072
XE617,198.2821846,-0.8460024,1956-04-08 06:40:48,6.502782990445619
XE617,198.6319432,-2.4670489,1956-04-08 06:40:48,5.027630248349392
XE617,198.6800498,-2.3128025,1956-04-08 06:40:48,5.189120661326648
XE617,198.695138,-2.9249361,1956-04-08 06:40:48,4.6200898973257
XE617,198.7642012,-2.6749778,1956-04-08 06:40:48,4.877959349457482
XE617,198.8185691,-0.6113012,1956-04-08 06:40:48,6.856144815478669
XE617,198.8250765,-2.8290069,1956-04-08 06:40:48,4.757845330116714
XE617,198.9062977,-1.6731536,1956-04-08 06:40:48,5.86753538631286
XE617,199.0726541,-2.72391,1956-04-08 06:40:48,4.953565746302597
XE617,199.0956854,-2.5110746,1956-04-08 06:40:48,5.1568819588776735
XE617,199.1222097,-2.3566713,1956-04-08 06:40:48,5.30883152057089
XE617,199.2981198,-2.7503267,1956-04-08 06:40:48,5.028620370651602
XE617,199.4181731,-1.7876429,1956-04-08 06:40:48,5.948844086900298
XE617,199.558742,-0.9353328,1956-04-08 06:40:48,6.788057527910989
XE617,199.8340056,-2.1488519,1956-04-08 06:40:48,5.811855064163878
XE617,199.9975127,-2.5811797,1956-04-08 06:40:48,5.525347883970111
XE617,200.0198271,-2.9521577,1956-04-08 06:40:48,5.2303365120982415
XE617,200.045134,-2.6738653,1956-04-08 06:40:48,5.474005852351846
XE617,200.2581197,-1.0752368,1956-04-08 06:40:48,6.957595273782907
XE617,200.5243346,-1.351399,1956-04-08 06:40:48,6.847828790219281
XE617,200.7769925,-2.4026334,1956-04-08 06:40:48,6.122835287453798
XE617,201.3085157,-1.9327282,1956-04-08 06:40:48,6.821349959429157
XE617,201.4791324,-2.5372505,1956-04-08 06:40:48,6.479727500858976
XE617,201.48365,-2.1467209,1956-04-08 06:40:48,6.770908471128845
XE617,201.7093638,-2.8926648,1956-04-08 06:40:48,6.394025744134536
XE617,201.7352335,-2.9581066,1956-04-08 06:40:48,6.368914814074423
XE617,201.7907626,-2.6914413,1956-04-08 06:40:48,6.590964303438336
XE355,49.7249947,22.538576,1954-11-22 06:10:12,7.406088587852046
XE355,49.8190988,22.1323959,1954-11-22 06:10:12,7.203952538572864
XE355,49.873202,22.5570947,1954-11-22 06:10:12,7.282347264710449
XE355,50.6203983,25.1578089,1954-11-22 06:10:12,7.950418396591274
XE472,51.3238213,15.3655882,1949-11-19 06:30:00,4.9355145808169505
XE472,52.5597311,14.331235,1949-11-19 06:30:00,5.338064510981285
XE472,52.5825511,14.3795106,1949-11-19 06:30:00,5.285332461604387
XE472,52.879259,14.5744428,1949-11-19 06:30:00,5.016101893405345
XE472,52.9014573,14.3003901,1949-11-19 06:30:00,5.275279359755973
XE472,52.9161315,13.074288,1949-11-19 06:30:00,6.46676374047699
XE356,55.4117145,21.7285413,1951-11-29 06:39:00,8.33156079525883
XE356,55.7113798,21.7476539,1951-11-29 06:39:00,8.05360045347581
XE356,55.8007307,22.2059918,1951-11-29 06:39:00,7.993528469115641
XE356,55.8288863,24.3642376,1951-11-29 06:39:00,8.415493493851377
XE356,56.0587339,24.7061702,1951-11-29 06:39:00,8.340184564588904
XE356,56.1543439,21.9816648,1951-11-29 06:39:00,7.651611661571961
XE356,56.2214802,21.6151648,1951-11-29 06:39:00,7.577723054347671
XE356,56.253104,21.9089804,1951-11-29 06:39:00,7.556420195352423
XE356,56.2595077,21.9487584,1951-11-29 06:39:00,7.552456925121988
XE356,56.3380114,23.6716207,1951-11-29 06:39:00,7.763302617092518
XE356,56.4068173,22.5094001,1951-11-29 06:39:00,7.467242071290617
XE356,56.4598073,24.1949186,1951-11-29 06:39:00,7.8168322364218765
XE356,56.4673734,22.6770578,1951-11-29 06:39:00,7.435367949929102
XE413,56.4968939,21.4619893,1951-11-30 05:52:48,8.282896429449476
XE356,56.5579768,22.0092532,1951-11-29 06:39:00,7.279671760222629
XE356,56.5619293,22.9752001,1951-11-29 06:39:00,7.400942575269428
XE356,56.631617,23.1661477,1951-11-29 06:39:00,7.377653855544264
XE356,56.7480418,22.2966767,1951-11-29 06:39:00,7.128895671826017
XE356,56.8277713,21.9153243,1951-11-29 06:39:00,7.024285562999649
XE413,56.855476,20.9872914,1951-11-30 05:52:48,7.9799982007419965
XE413,56.9048751,21.3062053,1951-11-30 05:52:48,7.91038960046606
XE356,56.9131832,23.9790003,1951-11-29 06:39:00,7.354516995105081
XE356,56.9200398,26.3191591,1951-11-29 06:39:00,8.420016247389533
XE356,56.9704635,22.201079,1951-11-29 06:39:00,6.914309130463223
XE413,56.9754291,20.8844377,1951-11-30 05:52:48,7.87888006221452
XE356,56.9756651,23.0911896,1951-11-29 06:39:00,7.0525165486089145
XE356,56.9869175,22.9491024,1951-11-29 06:39:00,7.012211142473984
XE356,57.0040144,21.8264824,1951-11-29 06:39:00,6.856488548587246
XE413,57.0232407,20.890322,1951-11-30 05:52:48,7.8338371959364075
XE356,57.0517656,25.5355426,1951-11-29 06:39:00,7.8988628598597765
XE356,57.0575957,23.9077232,1951-11-29 06:39:00,7.206368144837464
XE356,57.1271378,23.6385567,1951-11-29 06:39:00,7.061138799941089
XE356,57.1277748,22.7173502,1951-11-29 06:39:00,6.840874775087473
XE356,57.1311243,21.9188115,1951-11-29 06:39:00,6.743524927902302
XE356,57.1318248,25.183752,1951-11-29 06:39:00,7.662833016564479
XE356,57.1329835,21.629557,1951-11-29 06:39:00,6.730609835605825
XE356,57.1368342,21.6293011,1951-11-29 06:39:00,6.727026375019556
XE356,57.1386311,22.3150823,1951-11-29 06:39:00,6.7718988772527995
XE356,57.1417098,21.7652222,1951-11-29 06:39:00,6.726223752595322
XE356,57.1576298,26.5310426,1951-11-29 06:39:00,8.370334481482322
XE356,57.160605,23.6642644,1951-11-29 06:39:00,7.039680631573812
XE356,57.1636466,23.6896891,1951-11-29 06:39:00,7.044812798381507
XE356,57.1884917,21.6200369,1951-11-29 06:39:00,6.678855132083752
XE356,57.2027839,21.5502814,1951-11-29 06:39:00,6.664779891667116
XE356,57.2455302,21.6456493,1951-11-29 06:39:00,6.626319223196201
XE413,57.2552282,20.5239131,1951-11-30 05:52:48,7.6667039615588095
XE356,57.2618266,25.8284949,1951-11-29 06:39:00,7.891938393187306
XE356,57.3035878,22.5498808,1951-11-29 06:39:00,6.653065726773552
XE356,57.338336,23.6266322,1951-11-29 06:39:00,6.873165379281515
XE356,57.3577125,22.5674876,1951-11-29 06:39:00,6.606502560366644
XE356,57.3758589,22.379565,1951-11-29 06:39:00,6.562319463283286
XE356,57.3933148,25.7462385,1951-11-29 06:39:00,7.747841034535237
XE413,57.4060067,20.9925555,1951-11-30 05:52:48,7.467821315099753
XE413,57.4277951,18.3200961,1951-11-30 05:52:48,8.148477734605827
XE413,57.4326454,21.3571985,1951-11-30 05:52:48,7.416814890100016
XE413,57.5738514,21.4303501,1951-11-30 05:52:48,7.282335991069998
XE413,57.7787157,20.0070477,1951-11-30 05:52:48,7.284392532366297
XE413,57.8195605,18.1654845,1951-11-30 05:52:48,7.878967829473635
XE413,57.8311991,20.1389148,1951-11-30 05:52:48,7.206962240499947
XE413,57.8712163,19.0501783,1951-11-30 05:52:48,7.48049197501377
XE413,57.872624,18.7744224,1951-11-30 05:52:48,7.580543269048266
XE413,57.8913927,17.5228675,1951-11-30 05:52:48,8.126493457308312
XE413,57.8918934,20.2702024,1951-11-30 05:52:48,7.12410433909883
XE413,57.9037818,17.0408661,1951-11-30 05:52:48,8.372820308474681
XE413,57.969613,21.3719741,1951-11-30 05:52:48,6.916601603656683
XE413,58.034868,20.6577068,1951-11-30 05:52:48,6.925026246952621
XE413,58.0568631,21.2890938,1951-11-30 05:52:48,6.839698750309369
XE413,58.1250989,19.768058,1951-11-30 05:52:48,7.028975110160809
XE413,58.1266854,19.7713579,1951-11-30 05:52:48,7.0266446271282055
XE413,58.1528982,20.1663895,1951-11-30 05:52:48,6.906168012030674
XE413,58.2573771,20.5813127,1951-11-30 05:52:48,6.731091337724068
XE413,58.3016713,21.1779457,1951-11-30 05:52:48,6.619331416577185
XE413,58.3595815,20.8807544,1951-11-30 05:52:48,6.594330264402606
XE413,58.3916858,16.4727006,1951-11-30 05:52:48,8.32849083658117
XE413,58.4316324,21.2731078,1951-11-30 05:52:48,6.492034739852663
XE413,58.44128,17.782675,1951-11-30 05:52:48,7.543346252443297
XE413,58.4634259,20.6864561,1951-11-30 05:52:48,6.52423926227758
XE413,58.4908888,20.9798017,1951-11-30 05:52:48,6.461322398446876
XE413,58.5549318,21.3769217,1951-11-30 05:52:48,6.371872211426874
XE413,58.6207301,20.3541523,1951-11-30 05:52:48,6.4376195770264
XE413,58.624918,16.7298319,1951-11-30 05:52:48,7.993881926168207
XE413,58.6469515,19.223127,1951-11-30 05:52:48,6.734035337788304
XE413,58.6802711,17.7919534,1951-11-30 05:52:48,7.343948807472127
XE413,58.7969711,20.619843,1951-11-30 05:52:48,6.226496886695635
XE413,58.8125853,20.2225544,1951-11-30 05:52:48,6.29002694340739
XE413,58.9111174,20.1025453,1951-11-30 05:52:48,6.228587076233101
XE413,58.9133608,18.0458281,1951-11-30 05:52:48,7.022761561830022
XE413,58.9256834,20.530585,1951-11-30 05:52:48,6.123308706678419
XE413,58.9474888,20.8031201,1951-11-30 05:52:48,6.05946579950485
XE413,58.9513357,20.8038297,1951-11-30 05:52:48,6.055806033080659
XE413,58.9615005,19.9305865,1951-11-30 05:52:48,6.227753948435122
XE413,58.9669473,15.7977101,1951-11-30 05:52:48,8.358920834252496
XE413,58.9881815,19.4497745,1951-11-30 05:52:48,6.352835653579307
XE413,58.9897205,18.9404135,1951-11-30 05:52:48,6.544335224392645
XE413,58.9952057,20.6255022,1951-11-30 05:52:48,6.042617462991266
XE413,58.9960622,19.4290642,1951-11-30 05:52:48,6.353028098370584
XE413,59.0058682,20.2488104,1951-11-30 05:52:48,6.107449272238444
XE413,59.0089978,19.0933486,1951-11-30 05:52:48,6.4660898836313345
XE413,59.0255146,20.0746182,1951-11-30 05:52:48,6.131606100202315
XE413,59.0391462,20.3343987,1951-11-30 05:52:48,6.058050539443073
XE358,67.3683163,22.8114497,1950-12-10 05:01:48,8.409458852607916
XE358,67.5235746,22.2551554,1950-12-10 05:01:48,8.30561792791852
XE415,67.5897323,20.7495879,1955-12-10 07:15:00,8.41425689703993
XE415,67.6046885,21.1857796,1955-12-10 07:15:00,8.290408211511226
XE358,67.723057,25.4821018,1950-12-10 05:01:48,8.416222190891737
XE358,67.7912186,23.4736684,1950-12-10 05:01:48,8.02291130650725
XE358,67.9966697,25.6518325,1950-12-10 05:01:48,8.230296986311641
XE358,68.0128626,24.8106916,1950-12-10 05:01:48,7.995993472936287
XE358,68.0625591,26.0689653,1950-12-10 05:01:48,8.313100546101587
XE358,68.0628227,25.8379174,1950-12-10 05:01:48,8.233431266106805
XE415,68.0690373,20.6693518,1955-12-10 07:15:00,8.007867882563644
XE358,68.126208,25.066211,1950-12-10 05:01:48,7.954829522715037
XE358,68.1559001,25.9377681,1950-12-10 05:01:48,8.188484667278928
XE415,68.2255745,19.6743833,1955-12-10 07:15:00,8.223388139562765
XE415,68.2714946,21.1047969,1955-12-10 07:15:00,7.7061481277008825
XE358,68.2736738,25.0535561,1950-12-10 05:01:48,7.8223021232928085
XE415,68.3009705,19.8151018,1955-12-10 07:15:00,8.101653959501014
XE358,68.3499366,26.917212,1950-12-10 05:01:48,8.421941393099898
XE358,68.3526968,24.7749945,1950-12-10 05:01:48,7.687072704786895
XE358,68.3922154,26.1947073,1950-12-10 05:01:48,8.084639816767494
XE358,68.4121558,21.8858195,1950-12-10 05:01:48,7.536856471490864
XE358,68.4917428,22.4318319,1950-12-10 05:01:48,7.397429675848553
XE358,68.5496721,24.6948195,1950-12-10 05:01:48,7.494994565611513
XE415,68.5584757,18.8953689,1955-12-10 07:15:00,8.297165687615369
XE415,68.5932174,19.8857445,1955-12-10 07:15:00,7.821447600732771
XE358,68.6055077,24.8393798,1950-12-10 05:01:48,7.478311080507604
XE358,68.6333487,25.82701,1950-12-10 05:01:48,7.747360910592665
XE358,68.6402642,23.9106704,1950-12-10 05:01:48,7.282896596849208
XE358,68.6487763,22.3265323,1950-12-10 05:01:48,7.2626531812393
XE415,68.6898574,19.3228221,1955-12-10 07:15:00,7.982920601803976
XE415,68.7356491,21.1730212,1955-12-10 07:15:00,7.270071946571935
XE358,68.7563993,25.1374221,1950-12-10 05:01:48,7.422955454586655
XE358,68.7593525,25.4751688,1950-12-10 05:01:48,7.521619999237864
XE415,68.7920083,18.6880551,1955-12-10 07:15:00,8.213372842808676
XE358,68.7937267,21.6569621,1950-12-10 05:01:48,7.227805093713872
XE415,68.9010011,20.3777953,1955-12-10 07:15:00,7.367112723937099
XE358,68.9464376,22.3912319,1950-12-10 05:01:48,6.982392675571866
XE358,68.9465628,21.7742699,1950-12-10 05:01:48,7.06649777887349
XE358,68.9838069,22.2394085,1950-12-10 05:01:48,6.963832302401596
XE415,68.9945594,18.932334,1955-12-10 07:15:00,7.922547886164013
XE358,68.9963675,26.5681479,1950-12-10 05:01:48,7.749155311907211
XE415,69.0457918,17.9956947,1955-12-10 07:15:00,8.402803971968897
XE358,69.1259442,21.3339001,1950-12-10 05:01:48,6.996242187138152
XE415,69.1447239,18.9522024,1955-12-10 07:15:00,7.790673024038213
XE358,69.1575196,22.5916555,1950-12-10 05:01:48,6.772053286751112
XE358,69.1814389,26.772092,1950-12-10 05:01:48,7.698422606187447
XE415,69.2026444,17.8348698,1955-12-10 07:15:00,8.381338468348279
XE358,69.2093726,23.0791903,1950-12-10 05:01:48,6.709931191526715
XE358,69.2220053,22.4175252,1950-12-10 05:01:48,6.726286481419095
XE358,69.2366825,23.2821418,1950-12-10 05:01:48,6.689275157663866
XE358,69.2554272,21.4624388,1950-12-10 05:01:48,6.848822870240245
XE358,69.3169454,26.8260078,1950-12-10 05:01:48,7.619359096317156
XE358,69.3271,26.8684728,1950-12-10 05:01:48,7.632672737140652
XE358,69.3275713,22.9759418,1950-12-10 05:01:48,6.601212375598254
XE415,69.3382024,20.4066808,1955-12-10 07:15:00,6.974979571462319
XE358,69.395472,26.2188796,1950-12-10 05:01:48,7.273575519722048
XE358,69.4024027,26.950938,1950-12-10 05:01:48,7.61660590897083
XE415,69.4462449,18.9622601,1955-12-10 07:15:00,7.54291042927417
XE415,69.4526755,17.619596,1955-12-10 07:15:00,8.331750384372366
XE358,69.4677689,21.4788146,1950-12-10 05:01:48,6.652734633254006
XE358,69.481165,24.8018436,1950-12-10 05:01:48,6.6994194575254795
XE358,69.4940119,22.858037,1950-12-10 05:01:48,6.449877353310179
XE358,69.5094978,24.8406253,1950-12-10 05:01:48,6.685031225617385
XE415,69.5222616,17.7569953,1955-12-10 07:15:00,8.192843295749809
XE358,69.5467989,23.8260689,1950-12-10 05:01:48,6.449735363332904
XE415,69.5488614,18.3060227,1955-12-10 07:15:00,7.8339885513416325
XE358,69.5549725,26.9616842,1950-12-10 05:01:48,7.505861029801327
XE358,69.573536,26.2388893,1950-12-10 05:01:48,7.139259128862709
XE415,69.608619,20.0108741,1955-12-10 07:15:00,6.901322277791763
XE358,69.6087984,23.1717253,1950-12-10 05:01:48,6.3440742598123965
XE358,69.6249135,25.3966518,1950-12-10 05:01:48,6.758859480129799
XE415,69.6501289,18.8082165,1955-12-10 07:15:00,7.46540810995494
XE358,69.6784073,22.3865429,1950-12-10 05:01:48,6.3091764709264
XE358,69.6826088,24.0075015,1950-12-10 05:01:48,6.352257949616645
XE415,69.6856742,19.115272,1955-12-10 07:15:00,7.269858673428327
XE415,69.6914539,19.5349461,1955-12-10 07:15:00,7.05105295705032
XE415,69.6968768,17.4237747,1955-12-10 07:15:00,8.284669556532156
XE415,69.7096776,17.9536548,1955-12-10 07:15:00,7.93015196714978
XE415,69.7223979,17.4189902,1955-12-10 07:15:00,8.269808551127547
XE415,69.7411697,17.3961265,1955-12-10 07:15:00,8.271926433539951
XE358,69.7414754,26.5010736,1950-12-10 05:01:48,7.1292018769293355
XE358,69.7597777,26.3364322,1950-12-10 05:01:48,7.035890581202367
XE358,69.7771678,26.6728323,1950-12-10 05:01:48,7.18702185450895
XE415,69.7932154,17.6839792,1955-12-10 07:15:00,8.043331884352812
XE358,69.7936098,22.4726446,1950-12-10 05:01:48,6.195177381625024
XE358,69.7965678,22.1746973,1950-12-10 05:01:48,6.225172860214175
XE358,69.8006898,22.8705601,1950-12-10 05:01:48,6.167078484706402
XE415,69.8237323,20.7163764,1955-12-10 07:15:00,6.439169519974772
XE415,69.8264443,18.7567907,1955-12-10 07:15:00,7.356846406792544
XE358,69.8373836,24.6458917,1950-12-10 05:01:48,6.346363767546594
XE358,69.8449153,27.2179827,1950-12-10 05:01:48,7.428733361055186
XE358,69.8462709,21.9179815,1950-12-10 05:01:48,6.219148917587432
XE358,69.8503771,27.1168429,1950-12-10 05:01:48,7.368036596850415
XE415,69.8535632,19.8723442,1955-12-10 07:15:00,6.756746470426231
XE415,69.8584458,18.2634538,1955-12-10 07:15:00,7.626148552823571
XE358,69.8668375,22.3409298,1950-12-10 05:01:48,6.140563357637074
XE358,69.8896927,23.6269585,1950-12-10 05:01:48,6.1152996943650155
XE415,69.9168055,20.7638316,1955-12-10 07:15:00,6.34102369371406
XE358,69.9177216,25.8203135,1950-12-10 05:01:48,6.678668989607737
XE415,69.9397664,20.2711797,1955-12-10 07:15:00,6.509498376960839
XE358,69.9433421,21.2144683,1950-12-10 05:01:48,6.292501281076384
XE358,69.9501061,26.2019039,1950-12-10 05:01:48,6.822051237612349
XE358,69.9677627,26.46096,1950-12-10 05:01:48,6.9331629251745195
XE415,69.9699359,21.0013293,1955-12-10 07:15:00,6.215091156215304
XE358,69.9814545,22.6214169,1950-12-10 05:01:48,6.01108095834475
XE358,69.9878846,21.9487516,1950-12-10 05:01:48,6.084441087174978
XE358,69.9992494,26.5731716,1950-12-10 05:01:48,6.965410654045718
XE358,70.0209545,22.5413622,1950-12-10 05:01:48,5.980262215764907
XE358,70.0593794,21.9075412,1950-12-10 05:01:48,6.026415843568556
XE415,70.0636238,19.4117428,1955-12-10 07:15:00,6.8104283729883885
XE358,70.0648959,21.5231361,1950-12-10 05:01:48,6.1023681685107345
XE415,70.074085,18.2538499,1955-12-10 07:15:00,7.472015983185531
XE358,70.0773347,23.4282182,1950-12-10 05:01:48,5.926592292353671
XE358,70.0783396,21.7094499,1950-12-10 05:01:48,6.04801057192907
XE415,70.1153527,21.1628202,1955-12-10 07:15:00,6.036219986572466
XE358,70.1314374,26.6297938,1950-12-10 05:01:48,6.893683115850343
XE358,70.1386476,21.2568455,1950-12-10 05:01:48,6.105909566761977
XE358,70.1610024,26.1209418,1950-12-10 05:01:48,6.616902474467221
XE415,70.1654336,20.4326938,1955-12-10 07:15:00,6.250293085340604
XE358,70.1734543,26.8006499,1950-12-10 05:01:48,6.953517206139065
XE358,70.1786166,23.3148085,1950-12-10 05:01:48,5.82656357618718
XE415,70.1861896,20.649868,1955-12-10 07:15:00,6.147503961115063
XE415,70.1875083,17.5470951,1955-12-10 07:15:00,7.857320187171486
XE415,70.2080743,17.3084604,1955-12-10 07:15:00,8.009459867988452
XE358,70.2254363,26.0357748,1950-12-10 05:01:48,6.525895608700885
XE358,70.2282611,26.9276059,1950-12-10 05:01:48,6.983124260085712
XE358,70.2371242,21.9467039,1950-12-10 05:01:48,5.857183364572449
XE415,70.2541799,17.3442223,1955-12-10 07:15:00,7.953032135451792
XE358,70.2606865,21.3322837,1950-12-10 05:01:48,5.975630217904293
XE415,70.2676183,20.1635396,1955-12-10 07:15:00,6.278059253311217
XE415,70.2845925,20.2756244,1955-12-10 07:15:00,6.214571157003592
XE415,70.3063567,16.8453012,1955-12-10 07:15:00,8.27846586133762
XE358,70.3180903,25.6660369,1950-12-10 05:01:48,6.286623760886665
XE358,70.3345267,25.6554683,1950-12-10 05:01:48,6.2687229032492136
XE358,70.3467307,26.7738101,1950-12-10 05:01:48,6.8095774839356356
XE358,70.3585994,27.0193599,1950-12-10 05:01:48,6.940094114181466
XE415,70.3599978,21.1254051,1955-12-10 07:15:00,5.830535627785136
XE358,70.3699928,25.6559484,1950-12-10 05:01:48,6.239996447068722
XE358,70.3971311,26.6978819,1950-12-10 05:01:48,6.730119466461846
XE415,70.4066024,17.5896033,1955-12-10 07:15:00,7.677278817390887
XE358,70.4120806,26.9712905,1950-12-10 05:01:48,6.873410256734567
XE415,70.4140949,21.0274716,1955-12-10 07:15:00,5.814431760267313
XE415,70.4498982,19.8716448,1955-12-10 07:15:00,6.263635117864552
XE415,70.4573507,18.567191,1955-12-10 07:15:00,6.992235719654994
XE415,70.5068494,19.4711152,1955-12-10 07:15:00,6.424833241309287
XE415,70.5448607,19.7891903,1955-12-10 07:15:00,6.227461073803739
XE415,70.5769657,17.4472272,1955-12-10 07:15:00,7.66319392603014
XE415,70.5790209,17.0361128,1955-12-10 07:15:00,7.96176762293192
XE415,70.6512261,19.3200997,1955-12-10 07:15:00,6.39515897819358
XE415,70.672283,16.7638502,1955-12-10 07:15:00,8.107544290152543
XE415,70.6792882,19.9636518,1955-12-10 07:15:00,6.03064313021538
XE415,70.7196602,19.4323558,1955-12-10 07:15:00,6.278607028174009
XE415,70.7280078,19.4302284,1955-12-10 07:15:00,6.273272607653532
XE415,70.7488203,19.4213794,1955-12-10 07:15:00,6.26198957331353
XE415,70.7687042,19.7271729,1955-12-10 07:15:00,6.0794091670327735
XE415,70.7813266,19.9764291,1955-12-10 07:15:00,5.9410657235614694
XE415,70.7885427,19.597453,1955-12-10 07:15:00,6.1333124658202305
XE415,70.819747,20.120523,1955-12-10 07:15:00,5.838845504543285
XE415,70.820941,20.1173453,1955-12-10 07:15:00,5.83940005788702
XE415,70.8312283,19.113238,1955-12-10 07:15:00,6.377784364967325
XE415,70.8543711,17.4060675,1955-12-10 07:15:00,7.511202506393715
XE415,70.8579219,17.4571051,1955-12-10 07:15:00,7.471421115024641
XE415,70.8978585,18.3237615,1955-12-10 07:15:00,6.833417147308682
XE415,70.9434155,18.9060658,1955-12-10 07:15:00,6.42117389641911
XE415,70.9486215,19.7396407,1955-12-10 07:15:00,5.929561624161423
XE415,70.9883007,18.4697503,1955-12-10 07:15:00,6.67177307474456
XE415,70.9899638,21.1514648,1955-12-10 07:15:00,5.266678687285398
XE415,70.9986197,18.4054541,1955-12-10 07:15:00,6.707715945002743
XE415,70.9987841,17.7663037,1955-12-10 07:15:00,7.154374797947614
XE415,71.0026597,19.5981012,1955-12-10 07:15:00,5.9647846392651385
XE415,71.006608,18.4589848,1955-12-10 07:15:00,6.66609163938164
XE415,71.0068467,19.6926556,1955-12-10 07:15:00,5.909119145162918
XE415,71.0080445,20.9552672,1955-12-10 07:15:00,5.320766137919137
XE415,71.0346968,20.5204962,1955-12-10 07:15:00,5.475115733610902
XE415,71.0487791,19.7159384,1955-12-10 07:15:00,5.863340197663466
XE415,71.0522839,18.2274576,1955-12-10 07:15:00,6.79220960309162
XE415,71.0655644,20.2007987,1955-12-10 07:15:00,5.598143076974827
XE415,71.0677232,17.2852215,1955-12-10 07:15:00,7.46567327800667
XE415,71.0822999,18.0962294,1955-12-10 07:15:00,6.863414280807333
XE415,71.3099543,21.1733924,1955-12-10 07:15:00,4.979098706926095
